"","AHR","ARID1A","ARRDC3","ATL1","BAK1","BCL2L11","BCORL1","BPGM","CBFA2T3","CBL","CDKN1A","CDKN1B","CDKN1C","CEBPA","CEBPB","CEBPE","CELF2","CITED1","CKS1B","CLDN6","CNN1","CNNM4","COL1A1","COL2A1","CSRNP1","DLX2","DUSP9","EGR1","ETS2","FEV","FOSB","FOXA1","FOXA3","FOXF1","FOXL2","FOXO4","GLB1L2","HES7","HK2","HNF4A","HOXA13","HOXB9","HOXC13","IGDCC3","IKZF3","IRF1","ISL2","JUN","KIF2C","KIF18B","KLF1","KMT2A","LHX1","LYL1","MAML2","MAP2K3","MAP2K6","MAP4K3","MAP4K5","MAP7D1","MAPK1","MEIS1","MIDN","NCL","NIT1","OSR2","PLK4","POU3F2","PRDM1","PRTG","PTPN1","PTPN9","PTPN12","PTPN13","RHOXF2","RREB1","RUNX1T1","S1PR2","SAMD1","SET","SGK1","SLC4A1","SLC6A9","SLC38A2","SNAI1","SPI1","STIL","TBX2","TBX3","TGFBR2","TMSB4X","TP73","TSC22D1","UBASH3A","UBASH3B","ZBTB1","ZBTB10","ZBTB25","ZC3HAV1","ZNF318"
"AHR",0,0.988992361399193,0.995015767150785,0.991738241856139,0.992209229289961,0.99296391012084,0.993876086202828,0.99264883038182,0.993187672787739,0.993531664710656,0.991747158679656,0.993950152734513,0.990793069183622,0.944346246169036,0.98530324985759,0.979293020964493,0.992575014142343,0.993892298177958,0.990698810623663,0.991293864370559,0.991127831422179,0.993491093028604,0.985883442491449,0.985366898673059,0.98710135196359,0.991764844723695,0.988771558123464,0.995999356476388,0.991523046072076,0.988282619278375,0.991637257932149,0.995152775038356,0.995359453026004,0.99518295424284,0.994727793125966,0.992386375667567,0.99451192728635,0.982460253695409,0.993908068105453,0.98746933539383,0.987042497200639,0.99546954774707,0.992695912202987,0.99385635647027,0.981906841091473,0.985468593737462,0.994446962585099,0.993125704946583,0.993856338036621,0.994638545355465,0.987085322373616,0.994086838807693,0.992482436109603,0.993591555887802,0.990780676939804,0.985000023480087,0.988358979800082,0.994549002484214,0.994649796522643,0.992233401759949,0.987798692770254,0.995307610430153,0.992400903233619,0.993333616044995,0.984909490844784,0.989959259725184,0.993222970330207,0.995867356540826,0.987067155299101,0.993065020783618,0.990537279864664,0.994003925564735,0.992407317504911,0.993852716839905,0.991302474378333,0.993327082670662,0.993508373825514,0.992317542784266,0.994289036744935,0.98464909417417,0.995086947862824,0.987908618030972,0.992945142190644,0.990765538163079,0.993478751673997,0.98348667898932,0.995056033392814,0.990614360427043,0.988142399310473,0.992774801740916,0.99268678534689,0.972861684340752,0.994190598252437,0.994716691693192,0.994311894541284,0.992551167878924,0.987481741064616,0.993196614855601,0.988807978490703,0.993615774362199
"ARID1A",0.988992361399193,0,0.986948796089537,0.989875915144005,0.980803247333125,0.982010986180913,0.984259378327593,0.987161720787728,0.985469422107022,0.986722225053176,0.989334451843301,0.989801105653541,0.987936697512907,0.945920846830111,0.980721966316712,0.976048195405103,0.982717052226957,0.990080020326287,0.988848723475865,0.987928829660951,0.984454873656735,0.984037098113204,0.984032135477205,0.979473319800213,0.975039152171327,0.985420639557438,0.982589686633134,0.989150815636116,0.981698638858128,0.979847991475087,0.981279467242822,0.987571613522229,0.98999285164976,0.986508383750417,0.987779873158118,0.98991791848078,0.987232903346402,0.979142741587164,0.985382696583208,0.98558298189634,0.985659155615763,0.988747329454807,0.988622525469729,0.988465895623886,0.981367676601304,0.979429867661603,0.984200701460366,0.987784478076396,0.984301958946201,0.986445367009773,0.972979425746496,0.984740258609051,0.984564846415272,0.984696582734023,0.978690061484443,0.971302261011075,0.975092353983436,0.985297146131439,0.98578213519305,0.980718718248964,0.979758244732352,0.985966358356299,0.987866885088138,0.983348621581976,0.981620787948473,0.977092821139617,0.985692199251472,0.988717414446771,0.985548716867568,0.987266411062085,0.989836416697856,0.987689662277635,0.98598944847153,0.986541263131372,0.986618254846414,0.986666338861838,0.98340008680479,0.985926059094032,0.990279753851415,0.983842304134876,0.989943119015611,0.981373047345769,0.986002816592523,0.978171683686571,0.986177138200663,0.985172601931174,0.987864232430527,0.986003401733516,0.98070747698111,0.982101908332554,0.982683977803402,0.977219276299254,0.984687984739987,0.986173558143086,0.987563436874671,0.986371115808672,0.983023956701957,0.986508691827113,0.977220949487512,0.984755499115921
"ARRDC3",0.995015767150785,0.986948796089537,0,0.990936509228535,0.997011101609588,0.997737923616021,0.997291153167396,0.995479904146622,0.996734814146762,0.996901899812608,0.993721650684954,0.996297226240465,0.993060039383269,0.939220896831314,0.984214978965293,0.979583494525777,0.996431801824881,0.993693134369994,0.992897446609413,0.991424870547788,0.994699436598338,0.995976135081377,0.986133786280035,0.986324580028554,0.994574304448863,0.995989752310101,0.988486519734496,0.996946791944022,0.993959021599128,0.986934542766468,0.994507233196,0.997199401043577,0.995884370439329,0.998216341311464,0.995070935552531,0.993980965209127,0.997727817109089,0.979250647512326,0.99797378936094,0.989288646052208,0.981417356419409,0.99553393113801,0.989963118816997,0.995305795284724,0.976359071865426,0.988907781591251,0.997737153106387,0.993114121179274,0.99826576794015,0.998090817536895,0.991126152066188,0.997373401257745,0.99383590940607,0.997512439983977,0.996166418731311,0.991589754341343,0.993766950076649,0.998421023165963,0.998471649876237,0.99640147582995,0.98901039052861,0.997766345202074,0.990327220848057,0.997395518871067,0.986621226426382,0.991113252904481,0.996869838443674,0.996459192561891,0.984384416484225,0.993559818112147,0.99199633484602,0.9976746737721,0.996476390274201,0.995636898538523,0.989661171867809,0.996545529918882,0.998132877815769,0.993872628949462,0.99489854312269,0.989453123949638,0.995673051950941,0.992591792336114,0.996457591852868,0.99517589467684,0.994657071969717,0.981398958141361,0.997768773758841,0.994077703792425,0.992265643058898,0.997552522234897,0.996171277459267,0.963761961929044,0.997812350680204,0.998902836408391,0.998346479713291,0.99382821577622,0.983674158144735,0.997351943737429,0.995252049386399,0.997823593927784
"ATL1",0.991738241856139,0.989875915144005,0.990936509228535,0,0.984922710550791,0.986626845661114,0.987890674296873,0.992780796194647,0.985958983470521,0.993996469773605,0.993984688916553,0.99454837170969,0.992669143271334,0.938852662617677,0.979198042424065,0.973110677699624,0.985291946569349,0.991202580205191,0.991155215784076,0.996123869955862,0.992155719732236,0.989475652691556,0.981367138746992,0.976243182683387,0.979695970410643,0.98715786404835,0.994066755046665,0.992202833619977,0.980232162730413,0.982335045907365,0.982356523347798,0.992101573418113,0.993237698927258,0.989825583199206,0.990254151999555,0.993765296381155,0.99051992474135,0.975837318350711,0.989524291132581,0.988286404232842,0.987685856323085,0.989916275937209,0.992529986349087,0.99478638550951,0.988859135532552,0.982721017543276,0.987098233868169,0.990755012479552,0.988235603789515,0.991142390418253,0.981370976112166,0.989583346223682,0.98502390336796,0.989443137565716,0.983485894385499,0.975864245028855,0.978868759101574,0.990524692752869,0.991503943449066,0.984485538805708,0.975363917940254,0.990374093267837,0.988436321336293,0.987762903910213,0.982339801095933,0.978529983697516,0.989168611159852,0.993198998924509,0.991274385907681,0.994450499167395,0.994634820204519,0.991276062120298,0.991725247957157,0.989161851005491,0.992634740392427,0.992929479729317,0.98616171105395,0.991394448470808,0.994667566433193,0.983812990395754,0.99484706044473,0.983110967301304,0.988299838900111,0.982089063203955,0.987432204781196,0.984038536979978,0.990738914223167,0.987587806671172,0.9850275726007,0.98791048781011,0.985615894432774,0.979749513575269,0.989072442536262,0.990104364662639,0.992618665836329,0.992214616288713,0.984915756527007,0.992597466860013,0.981338174233539,0.989402117500179
"BAK1",0.992209229289961,0.980803247333125,0.997011101609588,0.984922710550791,0,0.999060828372964,0.997869802635561,0.993397955968241,0.99471778642828,0.994359913068969,0.988182845075917,0.992405076311342,0.987518140967568,0.929680963325966,0.978491373969279,0.973969371117888,0.995491662748375,0.988760165044707,0.987742687276113,0.986672691197944,0.992317103225287,0.99491023504261,0.982778896519936,0.985786843120854,0.997939260715845,0.993522115496974,0.98506833355483,0.994235863122338,0.993678927886303,0.986932665819006,0.993688583216158,0.995609087448591,0.992287032730332,0.997631818417868,0.991871401842757,0.988890828042426,0.99541061738627,0.973170070190381,0.996648615647911,0.982678712030593,0.973653673574559,0.99233490067688,0.983969513350807,0.991898191769313,0.968927238847678,0.987441775202897,0.99800799343085,0.989189775702481,0.998005994344782,0.996804602025559,0.992884497439154,0.996526880151437,0.9927178571799,0.996587605573448,0.998889621540408,0.99682141005043,0.998163721412798,0.997891874009583,0.997732970595929,0.998969376231239,0.987472206418381,0.997505408835982,0.98524574763,0.997442429635835,0.981587863538037,0.991730501689551,0.996032427400872,0.994044280107102,0.977910269595003,0.990141460135836,0.985617665675962,0.995274751203017,0.994188525661848,0.994631014443642,0.984447078366333,0.993590186653915,0.998499540225255,0.991741108880619,0.990475459733233,0.983931002547722,0.991613132612036,0.992035793294951,0.995138042080375,0.998634359629367,0.992358128513986,0.973400457484236,0.996461093847394,0.991525612607138,0.99067322326252,0.998827890890885,0.995911790033837,0.953764617455779,0.996810273121073,0.997974495536293,0.996264850458958,0.99124171060476,0.978027161031781,0.995592754713221,0.997417887877629,0.998003941654763
"BCL2L11",0.99296391012084,0.982010986180913,0.997737923616021,0.986626845661114,0.999060828372964,0,0.997954663710925,0.994580855932732,0.995225943404638,0.995648586192444,0.990115084855605,0.993805378030935,0.989494957100652,0.930586150413673,0.979465460076166,0.974784036205493,0.996009592086207,0.989928346832658,0.988921824660917,0.988430518896255,0.99367606086464,0.995611073877442,0.982726696283509,0.98532320039215,0.997671493778562,0.994086948377854,0.986918268908938,0.995212005292019,0.993691735226808,0.987495050553326,0.993948536646739,0.996353593304423,0.99328006823273,0.997869724381457,0.992651567174036,0.989880194535337,0.996418622486004,0.973858389538151,0.997599075250342,0.98425405348612,0.975523166713968,0.993264518383162,0.985584354591701,0.993308034887775,0.971271546783459,0.987948896642157,0.998187012410232,0.990409390929931,0.998527707812715,0.997630176478591,0.993162381006083,0.997335900010375,0.992509004618925,0.99742848039366,0.998716111999295,0.995826752145157,0.997374893661622,0.998500379893057,0.998367571108239,0.998458799288109,0.987416671983343,0.99805226552286,0.986326600747347,0.997913234834276,0.982346423696267,0.991526184068458,0.996337686660708,0.995052085170384,0.979676948428884,0.991701471241952,0.987484546642123,0.996412942692966,0.995363302456577,0.995003863187414,0.986375910458687,0.994661248569174,0.998665726632845,0.992721647557115,0.991705347327457,0.985759147929438,0.99297297589718,0.992667731897306,0.995913261133234,0.998300822176842,0.992715770872534,0.97470943726839,0.996796219165887,0.99227317000083,0.991269810345016,0.999062844892622,0.996441782611172,0.955625278378735,0.997527726981336,0.998646206649889,0.99730627084967,0.992499640287355,0.979148218093751,0.996621997118189,0.997642179292915,0.998589480968925
"BCORL1",0.993876086202828,0.984259378327593,0.997291153167396,0.987890674296873,0.997869802635561,0.997954663710925,0,0.993328344860814,0.995533635413578,0.994843468268636,0.990043780318028,0.993597184816593,0.989248306721472,0.936922165524743,0.982351930662132,0.977664235003205,0.995428475219341,0.991645871092841,0.989876185925641,0.988789204133661,0.992255810339245,0.994453077407799,0.985414299479285,0.987115504724903,0.995405591622355,0.994517108657789,0.986741497698625,0.99535502752071,0.993831143954995,0.987263549952781,0.994064552940406,0.996955135575514,0.994783522702527,0.99833944967071,0.995084726337127,0.991284370611687,0.996106469383395,0.977646581517371,0.996877550232082,0.985416935118216,0.979794966058853,0.994721087845831,0.988445178332616,0.992976716735919,0.972423148214735,0.987757615491629,0.997839056213104,0.992015619805714,0.997561909768551,0.997090454867052,0.990751939899719,0.996722872637254,0.993105005963752,0.996411876583267,0.99683143262724,0.993944202483098,0.995944035251547,0.997745329331536,0.997730181935066,0.997731353566442,0.988396093063049,0.997683967344056,0.988885600119969,0.997165491862489,0.984753849826396,0.991944321994146,0.996182033380278,0.995584357898732,0.981275225896307,0.991196472781508,0.987780345080385,0.995619589689375,0.994399998787173,0.995496828350272,0.987446107605302,0.994632116929938,0.997875743037092,0.993216859336517,0.992561823160181,0.985784561442204,0.993654785152596,0.991490504199442,0.99470246633355,0.996947466140254,0.993747790715075,0.977880169655823,0.997137278628993,0.992644212144831,0.991214870139565,0.997523514792625,0.995743888382268,0.95973936778418,0.997051190675416,0.997932304873029,0.996452294603707,0.992539358813202,0.982456364904977,0.99567220669734,0.995618522446071,0.997539189238594
"BPGM",0.99264883038182,0.987161720787728,0.995479904146622,0.992780796194647,0.993397955968241,0.994580855932732,0.993328344860814,0,0.990638381710334,0.997252166567374,0.993005314607971,0.995167822865627,0.991919127630746,0.929242185248498,0.977070409546721,0.971640829687393,0.991230826849128,0.989248575198808,0.992270602469307,0.993895040498565,0.997011714717415,0.995454670507874,0.980664998169539,0.979333843533068,0.990751908812326,0.990271942665777,0.991998819946322,0.994574887420638,0.986593479324185,0.986094695704665,0.988178209115933,0.994411020399263,0.99238185644223,0.993850892830916,0.989815503709039,0.991680972790181,0.994377653040235,0.971307198221659,0.995088231211215,0.986218233452419,0.97745182306172,0.990874091255079,0.98653858764913,0.995838958753742,0.982112684639075,0.986925894801063,0.992919026514542,0.99029982409449,0.99445439266161,0.995504552435987,0.990213627697639,0.994367959125378,0.988045970193516,0.995074512655913,0.993110358520087,0.988060841603312,0.989191256635118,0.995723503937876,0.995994454229437,0.992421200467942,0.980407758063394,0.994723763497228,0.984927822862979,0.993533169692943,0.980163638449924,0.983039952450462,0.993045736866985,0.994136309626324,0.987103812338773,0.995583593589561,0.994479471794186,0.996361483642311,0.997272645687584,0.993000611874186,0.98932149185749,0.995607783373106,0.993394635738675,0.993957707045079,0.994854644527045,0.98608707853412,0.994787403200801,0.987621869870964,0.994420818821474,0.99148684193015,0.98886743301071,0.978326903898707,0.993549210446849,0.992294576029133,0.988523235610457,0.995568253799743,0.991907624505061,0.965589355252894,0.994067656949895,0.995394720853605,0.997524191821972,0.994546326284474,0.977465144701344,0.997647069923281,0.990954954655124,0.995487917501742
"CBFA2T3",0.993187672787739,0.985469422107022,0.996734814146762,0.985958983470521,0.99471778642828,0.995225943404638,0.995533635413578,0.990638381710334,0,0.992188957384833,0.990411219379094,0.993218093459757,0.990270559686802,0.947955385693667,0.989131440689718,0.985486292916599,0.996740172546912,0.993979847718359,0.990712355479112,0.986138128794718,0.989233667426196,0.992934640409417,0.988140817909435,0.987898943010203,0.992665406310067,0.997169227711503,0.982119964670445,0.994462254564651,0.99558267768126,0.98202447590257,0.996114593164949,0.995388432075647,0.994775752441352,0.997289802671488,0.996113248544411,0.992970735208926,0.996488301810158,0.983217793609101,0.995766952165979,0.989078996894339,0.982176254675343,0.996204094517675,0.989416952681358,0.991487500985395,0.969751294734396,0.987502465339613,0.997173156758778,0.99236247892972,0.996142799849054,0.995642229184072,0.986007676942956,0.994686978955611,0.994033697347947,0.995168260474842,0.993150685034469,0.988389310272112,0.991294605274691,0.99596019314696,0.995644403949547,0.994276742093016,0.992246259189341,0.995393761615452,0.99213482295709,0.994944795049748,0.987127622310177,0.993388387563317,0.995078712892659,0.993746971648229,0.978129472493346,0.988729987123102,0.988026748547384,0.994938673372189,0.992012209999918,0.99450842335828,0.985928271033827,0.993916377575751,0.997737736840308,0.98989300690863,0.992058642543485,0.98817055099954,0.992671007272706,0.991431002573668,0.994412554070157,0.993615502292957,0.995777075573928,0.98311205244287,0.996337750479696,0.991861737291425,0.990786599443104,0.994248687151229,0.994300184459021,0.961175195042684,0.995861414399646,0.996943324875879,0.994785770846716,0.989706796379757,0.985215373274417,0.993302042806677,0.993283407298382,0.995164915246854
"CBL",0.993531664710656,0.986722225053176,0.996901899812608,0.993996469773605,0.994359913068969,0.995648586192444,0.994843468268636,0.997252166567374,0.992188957384833,0,0.994954751544572,0.996911779531489,0.99386612637808,0.931625780786803,0.978930153665925,0.973625516490404,0.992828863340786,0.991287512757978,0.992790562553867,0.994944496468963,0.997392686310072,0.994999435261175,0.980696571803258,0.980005468511272,0.991716904211353,0.99228688577434,0.993159241959131,0.996068898458662,0.987970419962203,0.986693937803961,0.98973909606025,0.995989208675526,0.994511828316143,0.99550233948485,0.992413788097531,0.993140596720236,0.99594879411371,0.973921846995511,0.996707531645697,0.988646587934998,0.980906671030379,0.992777224827861,0.989773285300623,0.99662142758392,0.981891780700681,0.987894459903225,0.994402667320321,0.991939284272473,0.996139954431591,0.996982918799163,0.990726925735961,0.996130237938444,0.990165107215922,0.996428745647781,0.993828421340243,0.988236624485754,0.989962367564978,0.997080526374808,0.99734722314536,0.993065039823559,0.981705884660654,0.996367625704033,0.987174350362732,0.995121581111148,0.98265919944726,0.984892874064792,0.994588791731987,0.996074964758335,0.987990877383288,0.995848366397334,0.99476185335852,0.997376522317807,0.997954192369217,0.993497141504834,0.991785269074744,0.996673613012472,0.994807375460336,0.99449405346874,0.995643039805229,0.988219482922544,0.996202018218798,0.989707333866207,0.995433251338939,0.992525002104254,0.990710139308763,0.979566458876135,0.995088436895413,0.992920724884397,0.99043090926143,0.996323047814991,0.993598892841211,0.966311128838532,0.995752592858804,0.997100635944403,0.998648537919467,0.995580180999757,0.98126485216313,0.998222072102005,0.992495883367854,0.996712584777277
"CDKN1A",0.991747158679656,0.989334451843301,0.993721650684954,0.993984688916553,0.988182845075917,0.990115084855605,0.990043780318028,0.993005314607971,0.990411219379094,0.994954751544572,0,0.998473756288706,0.998494465492613,0.939398983535098,0.981954842853683,0.976578440120366,0.9899029878338,0.992741391331993,0.991593819571035,0.994951374787097,0.992708886606188,0.990230791906995,0.981502822245936,0.977966061711421,0.985380899552219,0.990437766129845,0.989319969217177,0.994220439110691,0.984505209794761,0.981715930567866,0.987223130767639,0.993369317340771,0.994307964735024,0.992199849631494,0.991080610965188,0.993310439855951,0.994055064993647,0.976698168142825,0.992793155695024,0.991577843288077,0.984960571048087,0.991900869697694,0.991512732572438,0.995993486420815,0.983850470702252,0.986717314592318,0.989907317030001,0.990917829582846,0.991825795642756,0.99354466073358,0.985156158217335,0.992079573081075,0.987995587577018,0.992129885964429,0.987398633793188,0.980382822728193,0.983014845190714,0.992979524875137,0.993314118409786,0.986860937931735,0.979740362121184,0.992074927598315,0.988348492404209,0.990747174319093,0.98419947025664,0.982443864563174,0.991519670456535,0.993317039108958,0.986577905306731,0.994853475415489,0.994557680311945,0.99450020723918,0.993546384354986,0.990212608084153,0.991628694863294,0.993935273078562,0.990275737380685,0.99220512566047,0.994452925609104,0.988743862111688,0.994783297425304,0.987634906060706,0.992840290061103,0.985863279556418,0.989571115710721,0.984295976233656,0.992601735963629,0.990640923215989,0.988477763309426,0.990827989074616,0.989854556923172,0.972810847095415,0.99252028118607,0.993883200017107,0.995109970896695,0.992854341887311,0.983401435500323,0.99447350872152,0.987533633540454,0.993040299680762
"CDKN1B",0.993950152734513,0.989801105653541,0.996297226240465,0.99454837170969,0.992405076311342,0.993805378030935,0.993597184816593,0.995167822865627,0.993218093459757,0.996911779531489,0.998473756288706,0,0.99785525148591,0.939786963471898,0.983361370765316,0.978250153789848,0.992915312275629,0.99399109977435,0.992914192768674,0.995449723215094,0.995068018072405,0.993313176174713,0.984515311916723,0.981960127525872,0.98981852724472,0.993078585434233,0.990604166079983,0.995999029057617,0.988041939532668,0.98463055433292,0.990425655292435,0.995818978655662,0.995898908377969,0.99521254089267,0.993286054124149,0.994815011110414,0.99631930879576,0.9785634339433,0.995396798988448,0.992059831247701,0.98482384975934,0.993877171275027,0.992089167504817,0.997244264116094,0.983009911674398,0.988561190973138,0.993394806414026,0.992766072160837,0.994911311284592,0.996058549309408,0.988314525934485,0.994805008990183,0.990733307453976,0.995128939933591,0.991714306306316,0.985730067354984,0.987939562117169,0.995858229283526,0.996155325262342,0.991348354878301,0.982965780910949,0.995017886836178,0.989861341033879,0.993985318949029,0.985684315780871,0.98621121232807,0.994480897227771,0.99535010347385,0.98719917069799,0.996103562194402,0.9952098009446,0.996642647115815,0.995644747287437,0.993550352090642,0.992482895006925,0.996271824785483,0.993847682726217,0.994472330635644,0.996188001248741,0.989430646224523,0.996214773683398,0.99010576472887,0.995177857797089,0.990290065226195,0.992157104378765,0.984150488373653,0.995463002971449,0.992559526922301,0.99067673226915,0.994399333850553,0.992724585069184,0.971840896987823,0.995119310937537,0.996564619787041,0.997291725999923,0.994407037022378,0.984556203250053,0.99669118821071,0.991275083939563,0.995923655404532
"CDKN1C",0.990793069183622,0.987936697512907,0.993060039383269,0.992669143271334,0.987518140967568,0.989494957100652,0.989248306721472,0.991919127630746,0.990270559686802,0.99386612637808,0.998494465492613,0.99785525148591,0,0.940142569124716,0.982229260231177,0.977268120074726,0.989801639811754,0.992296368001465,0.99031524049819,0.993423295281144,0.991371967255923,0.989455981349511,0.981964499666545,0.978226871378697,0.985131628142345,0.99025770921297,0.987733365965081,0.993057344325882,0.984022165406155,0.979937255645145,0.987426316476552,0.992528141304277,0.993644216935783,0.991564740960981,0.990510117653232,0.992827621717492,0.993617622922151,0.976729344371737,0.991920303223563,0.991520722512499,0.984323683708784,0.991346962144948,0.990748015479916,0.995079894417953,0.981832913255011,0.98638786657696,0.989435679575841,0.990316732601693,0.991098143360244,0.992756481899013,0.984505542501201,0.991101281452422,0.987372770109196,0.991379636078803,0.986949929596649,0.980082251808358,0.98257775315681,0.992287714053892,0.992476552929185,0.986450421304148,0.97928839246639,0.991187181759112,0.98789652548289,0.990005928357492,0.984027286874243,0.982562439879845,0.991045715787956,0.992105720671861,0.984345039471589,0.99373372273229,0.993441319649087,0.993804608481882,0.992393687341448,0.989769109288622,0.990206452373874,0.99325209466154,0.989842090126838,0.991197539743745,0.993637146239677,0.987810799380132,0.993736899395172,0.986976844575255,0.992200120285556,0.985193219874008,0.98956125490968,0.983704643639356,0.992193637780029,0.98983305174511,0.988048822581936,0.990089839662481,0.988949575204512,0.971493724812691,0.991949407101186,0.993296831693216,0.994164979634775,0.991521359527169,0.983572611989733,0.993377739169448,0.987042168088163,0.992362165742531
"CEBPA",0.944346246169036,0.945920846830111,0.939220896831314,0.938852662617677,0.929680963325966,0.930586150413673,0.936922165524743,0.929242185248498,0.947955385693667,0.931625780786803,0.939398983535098,0.939786963471898,0.940142569124716,0,0.976475337682274,0.981950097350283,0.948627960162359,0.952016468172841,0.940114438210576,0.933493623848077,0.925389984126404,0.934617826686322,0.952982904017211,0.942900546139112,0.922594456538915,0.945141939923307,0.924205579193749,0.941844793829809,0.946744876830556,0.923755336182446,0.953924401579325,0.939539345488078,0.946000325351661,0.94110364510004,0.951807601305002,0.946926143492888,0.93964242487738,0.964356951982503,0.935281574911769,0.945515905235092,0.956545043501969,0.95059607300302,0.951072373734438,0.935091164746957,0.933180656587669,0.930829592850642,0.938610665410513,0.944283851012746,0.934356001551523,0.936304165599579,0.920116466043059,0.935511654214924,0.942682196213886,0.933059645106558,0.925433677388771,0.917780600135979,0.923746280149245,0.934412049534461,0.934649804986997,0.93224499908138,0.953117158841034,0.936025667461122,0.955677848943836,0.933011118602913,0.948887616921414,0.947640685561143,0.940428895158633,0.940155677754982,0.93567318232345,0.932012655256713,0.938235399137192,0.935625766890316,0.930143944182515,0.940197418083756,0.939456755256937,0.937769586988243,0.936893904841172,0.932771100021573,0.943873315621655,0.935074410671181,0.942333762025176,0.931872748602444,0.936089592057406,0.9274941903728,0.945931708035191,0.970634383361384,0.944305368081609,0.93556276772188,0.933570384945068,0.928017689890221,0.938503234171721,0.944233847618957,0.937080016556408,0.936993408520477,0.934591582520618,0.935277363634601,0.949663711418592,0.930926827482101,0.925880293625848,0.932669926583026
"CEBPB",0.98530324985759,0.980721966316712,0.984214978965293,0.979198042424065,0.978491373969279,0.979465460076166,0.982351930662132,0.977070409546721,0.989131440689718,0.978930153665925,0.981954842853683,0.983361370765316,0.982229260231177,0.976475337682274,0,0.995602715936655,0.988930196524734,0.988595326124655,0.980681841620063,0.976955389538291,0.974624211389108,0.981055378465915,0.984580564072115,0.979670407445943,0.97386808151747,0.986470459936129,0.970829028162918,0.984985810865536,0.986311545297404,0.970072426603994,0.991018265230916,0.984357512062675,0.987023632845704,0.985339615806182,0.989746984438494,0.985670795981168,0.984665681291141,0.987621844216405,0.981818521445774,0.983794112169707,0.984258641760371,0.989133820341496,0.986165226514641,0.980678949956768,0.967982159622922,0.974753701982341,0.983886767598299,0.984423066928538,0.98191555997194,0.982810628640228,0.970011590719886,0.981836362991877,0.984129298498474,0.981109672395933,0.975764029409342,0.969371834180398,0.973572055959089,0.981843530154726,0.981916586862498,0.979185690278751,0.987062102196789,0.982111187788499,0.989839821884966,0.980487731597,0.982496964846323,0.986578585029548,0.98363400903495,0.983368971737789,0.973456628963164,0.978171306554857,0.979876542113232,0.981712867932117,0.977898610886503,0.984346429672861,0.979320885458878,0.982639148130211,0.983315637308706,0.979205888912127,0.984356307958807,0.977137847786859,0.983828467475651,0.978060885172201,0.982051638401733,0.976829415829517,0.986316872712321,0.990126973123924,0.985960085793116,0.979376126472232,0.977969274862196,0.977932418442985,0.981917148490824,0.968550870077571,0.983061959685036,0.98360476136365,0.981400336859477,0.979133386247259,0.982881530843181,0.979026691068782,0.976107697361042,0.980593059756736
"CEBPE",0.979293020964493,0.976048195405103,0.979583494525777,0.973110677699624,0.973969371117888,0.974784036205493,0.977664235003205,0.971640829687393,0.985486292916599,0.973625516490404,0.976578440120366,0.978250153789848,0.977268120074726,0.981950097350283,0.995602715936655,0,0.98581014461577,0.983404257261363,0.97670061195228,0.971220816840047,0.969562080129441,0.97536864058551,0.98176465410737,0.976699463575937,0.97024099687433,0.983153269414654,0.963391456231473,0.978964697560482,0.982219789967766,0.962193127316837,0.988212490978602,0.978703250442963,0.981325826835995,0.980650865506089,0.985156228082871,0.982079084868562,0.979956857844191,0.983350978204184,0.97753709998928,0.979099139470821,0.979494882557412,0.984494116705978,0.981212808223274,0.975157684109017,0.95974910770497,0.970809658477367,0.979164306711142,0.979909345740367,0.977186699613635,0.977683327510622,0.963697628711088,0.976420463376818,0.979474506795169,0.976239117305735,0.971459924199875,0.964786852063165,0.968894501280462,0.976953402590456,0.977053261420723,0.974567262768709,0.983362034698036,0.976880755201651,0.983886580108101,0.975452016626931,0.97903665841109,0.981937326278246,0.979391939606715,0.977722085121852,0.966006794837979,0.972052134499327,0.975203266427035,0.977527685657953,0.972544871918409,0.978813315247189,0.97489661658538,0.977550711533739,0.979205539578477,0.973289090611213,0.979272699059922,0.974125749996516,0.978915112018485,0.97375446814645,0.977556278185644,0.972518582400593,0.981886845718118,0.98817198605024,0.981554857750347,0.975143608042432,0.973952145958311,0.973022547019307,0.977482572082207,0.960948159330493,0.978310151085515,0.978966452888378,0.976801057665587,0.973029904568192,0.976740339886741,0.973975714894443,0.972002432688977,0.975935337723361
"CELF2",0.992575014142343,0.982717052226957,0.996431801824881,0.985291946569349,0.995491662748375,0.996009592086207,0.995428475219341,0.991230826849128,0.996740172546912,0.992828863340786,0.9899029878338,0.992915312275629,0.989801639811754,0.948627960162359,0.988930196524734,0.98581014461577,0,0.991470447483154,0.988491577182888,0.98598305497869,0.989938414373279,0.993581286032695,0.985122098229791,0.985690621263593,0.99342254850645,0.995201857713924,0.983404973647882,0.994604511921037,0.995149306269709,0.983961643093604,0.997756076051017,0.9947837117,0.993444691776608,0.996622890548679,0.994362730979507,0.990677549150042,0.99556507087978,0.980206188954718,0.995805088032416,0.986663627995594,0.979126654425145,0.994569982465595,0.987436904282101,0.991129173157982,0.970036106237964,0.986020311403558,0.996775116017533,0.991132863622438,0.996695827981896,0.996050500352065,0.988511261449411,0.995396788354626,0.993142336110338,0.995454131048747,0.994502574732659,0.99015482750016,0.992681958940399,0.996125923977332,0.99598488747486,0.994861097516473,0.9911780798289,0.995772069853092,0.989393439347782,0.995565485230261,0.984860641950487,0.993547942996104,0.994899047080057,0.993800944163487,0.978723166204441,0.989073618245639,0.986735862322074,0.994479673841482,0.992460629892877,0.993500108218635,0.986099425887066,0.993045989525427,0.997200194277361,0.990358223392328,0.990959738562675,0.986455912262795,0.99236254738586,0.991868778571495,0.994562040186729,0.994730861682056,0.993348379508701,0.980889298240207,0.995707631409544,0.990838019055187,0.989708705352332,0.995141959421534,0.995013462424828,0.958183699656036,0.996339645771687,0.997059035099966,0.995014621338237,0.990232660244175,0.982108430167829,0.99334662382078,0.994572795886043,0.995795568618323
"CITED1",0.993892298177958,0.990080020326287,0.993693134369994,0.991202580205191,0.988760165044707,0.989928346832658,0.991645871092841,0.989248575198808,0.993979847718359,0.991287512757978,0.992741391331993,0.99399109977435,0.992296368001465,0.952016468172841,0.988595326124655,0.983404257261363,0.991470447483154,0,0.990710127423055,0.989358576460031,0.987935613005019,0.990277950383725,0.98738240155369,0.985339994903803,0.984697301293058,0.993090199369698,0.98521359113783,0.994467388816106,0.990139296970587,0.982426996948172,0.990497085526773,0.994030495923463,0.995799776130167,0.994003236798535,0.994997515617423,0.993768456294305,0.993808866190522,0.986961392943292,0.992134304026295,0.990715314811756,0.989061264736276,0.995388985996356,0.993187013354669,0.991687577386952,0.979975594773917,0.984743166429665,0.992481842474041,0.992799906523801,0.991758563501678,0.9928875351091,0.981778847416654,0.992350610396613,0.991499204441791,0.991517036149563,0.986834410348694,0.98080475261054,0.984415681594512,0.992557105009339,0.992597505153956,0.988980872520282,0.987616272112746,0.992746466258862,0.994698341520578,0.991296150959833,0.987678475434205,0.988843131713006,0.992260915874265,0.993800353537964,0.985029711834001,0.989514121605541,0.990365946509281,0.992594325248477,0.990108400630914,0.992624078898258,0.989471536767047,0.992828569815296,0.991905303161356,0.990187697426056,0.993581706580226,0.98701607224908,0.993725727629758,0.988914794296209,0.991478258872157,0.987025173391899,0.993432593101198,0.986564019756544,0.994419567934706,0.990542143395272,0.987879154414911,0.989411395024327,0.990136671719244,0.974745790932673,0.992848559485935,0.993358841172603,0.992533566106924,0.990935000284826,0.989654417179063,0.991105268302709,0.986344953443756,0.991556096374854
"CKS1B",0.990698810623663,0.988848723475865,0.992897446609413,0.991155215784076,0.987742687276113,0.988921824660917,0.989876185925641,0.992270602469307,0.990712355479112,0.992790562553867,0.991593819571035,0.992914192768674,0.99031524049819,0.940114438210576,0.980681841620063,0.97670061195228,0.988491577182888,0.990710127423055,0,0.991126193187002,0.992329945887689,0.990502951440826,0.982252115442744,0.980284785823,0.98372057256004,0.990999615169019,0.986780966510688,0.991913483150121,0.985414220076759,0.980575059575837,0.986372531167688,0.991779360364203,0.99196105057374,0.991375963132852,0.991006222163249,0.992689214710978,0.992472646215487,0.977180041304745,0.991948705784655,0.989532641065978,0.981478569563095,0.990861875032574,0.988433318448607,0.991871692510148,0.979082714939957,0.985235403351954,0.989483791332637,0.989249620507963,0.99055311491828,0.991804251925994,0.981531083142038,0.98986663995348,0.987836433786852,0.990522914821158,0.986195338863071,0.979596456507274,0.981923774850593,0.99124953938092,0.991650821636055,0.986837518655546,0.981605113304995,0.990443749445007,0.987121385599989,0.989156400513788,0.983088274526844,0.980549298908494,0.990101429752083,0.991934718547983,0.985955141826889,0.990510627698259,0.993551577219736,0.993515636074246,0.993458360965352,0.989873892591147,0.988377658335472,0.992795215760927,0.989897298134782,0.98949130741553,0.993743227320598,0.988789767748765,0.992881977733692,0.983361854499222,0.990901843128918,0.985178712752995,0.989127203239133,0.982830227394089,0.991523861420912,0.990740956942131,0.986351182551157,0.98916906813869,0.988051487604932,0.968389278850493,0.9900374185285,0.99171064129437,0.993789632059431,0.990136566150586,0.980798787757153,0.993186404125956,0.985039502813508,0.990175161113944
"CLDN6",0.991293864370559,0.987928829660951,0.991424870547788,0.996123869955862,0.986672691197944,0.988430518896255,0.988789204133661,0.993895040498565,0.986138128794718,0.994944496468963,0.994951374787097,0.995449723215094,0.993423295281144,0.933493623848077,0.976955389538291,0.971220816840047,0.98598305497869,0.989358576460031,0.991126193187002,0,0.994313150905264,0.990054471193233,0.97843501909322,0.974441636823849,0.98270350445995,0.986809209423062,0.993332450839751,0.992377190152928,0.980057331963286,0.982706915414389,0.982526333340661,0.992201180913504,0.992074471010398,0.989879581103027,0.988824494402292,0.992155204529634,0.991271423750488,0.9732087197599,0.99073923086259,0.987623514431793,0.984378049169531,0.989196338403779,0.990898722491175,0.996141233039719,0.987296447278639,0.984420522353928,0.987269026047969,0.9894649266853,0.989483985987916,0.992001295315771,0.984763324404765,0.990260113523307,0.984801100484762,0.990306986803678,0.985892555591302,0.979309040418162,0.981187083492237,0.991349054835553,0.992110596324759,0.985567165881034,0.97417156054387,0.990590809365926,0.985866471342676,0.988818885516091,0.981169581319498,0.978441905115992,0.989548003904472,0.992807205345971,0.989926725292283,0.99618146592604,0.99464859562625,0.992698274939108,0.993619609156223,0.989535111509358,0.993845896356366,0.993666198872043,0.98733483074182,0.992645674748611,0.994653816353117,0.984872199828292,0.994575413678424,0.983208754862851,0.990271790419673,0.984043554073388,0.9864774130415,0.981404180596581,0.990600749730087,0.988969748780113,0.985751246624734,0.989873098287526,0.987559234084451,0.975146032712314,0.989675027314485,0.991105521596905,0.993882810960325,0.993099745434601,0.981071597353016,0.993910150744175,0.984441870919128,0.990970643843115
"CNN1",0.991127831422179,0.984454873656735,0.994699436598338,0.992155719732236,0.992317103225287,0.99367606086464,0.992255810339245,0.997011714717415,0.989233667426196,0.997392686310072,0.992708886606188,0.995068018072405,0.991371967255923,0.925389984126404,0.974624211389108,0.969562080129441,0.989938414373279,0.987935613005019,0.992329945887689,0.994313150905264,0,0.99383128822562,0.977144486146246,0.976991820283484,0.990409462434437,0.988949945953006,0.992089972647092,0.993531154866549,0.983972200275374,0.984890230739062,0.986339350633767,0.993259563091313,0.991079973561791,0.992420313358444,0.988448011443191,0.990834274747178,0.993738599224597,0.969286784812211,0.994845736381284,0.98595710140241,0.976001731887169,0.989266656450984,0.985882883445856,0.9952750624075,0.981114801472559,0.986269622509478,0.99129575072873,0.989314765953999,0.993824086124538,0.99463187941394,0.989752164373289,0.993558103979351,0.986734644596519,0.994795025594285,0.9923435843851,0.987216150852644,0.987742192625551,0.994857160038984,0.995225942147853,0.990954333488822,0.977106741480452,0.993568786270193,0.983022961602162,0.99261651347268,0.978824238663371,0.980847694979577,0.992346101334986,0.993148790669563,0.987121168943329,0.995018592043133,0.995059302684738,0.996366369928975,0.997561048200993,0.992147655270307,0.990277422213003,0.995680724186487,0.99235532234143,0.993497317622053,0.994795545910408,0.986720515008229,0.994292195264518,0.986312173274276,0.994173428364214,0.990386669983962,0.987100112720745,0.975970022672459,0.992434411760668,0.9913884066187,0.987871460324911,0.994832544447051,0.991001430474824,0.963497419783941,0.993230856040207,0.994684790763416,0.997489110921649,0.994163718235079,0.975681946383078,0.99759008851723,0.990303667733117,0.994905878114344
"CNNM4",0.993491093028604,0.984037098113204,0.995976135081377,0.989475652691556,0.99491023504261,0.995611073877442,0.994453077407799,0.995454670507874,0.992934640409417,0.994999435261175,0.990230791906995,0.993313176174713,0.989455981349511,0.934617826686322,0.981055378465915,0.97536864058551,0.993581286032695,0.990277950383725,0.990502951440826,0.990054471193233,0.99383128822562,0,0.982731530832749,0.983310775740328,0.991912446485259,0.991706451430194,0.988716568667856,0.995035263810037,0.991399013243206,0.986315685892129,0.991286289027463,0.995017046033433,0.992966487783116,0.99529231261027,0.991503152879241,0.991217265758097,0.994470761104327,0.975872122217884,0.995333743106217,0.986557598461344,0.977319824162997,0.991838698430993,0.986023723532562,0.99383810975842,0.976432637330646,0.985643008023538,0.994915125360705,0.989385700610972,0.995406770049746,0.995633036882234,0.990363205823569,0.995063632240944,0.990103109871013,0.995290101019291,0.994259147869571,0.989872279925066,0.991792700415558,0.996179351228061,0.996119415397316,0.994395684673927,0.986105886610095,0.99515331862695,0.987156092728285,0.99511948125744,0.982482098927523,0.988373807362772,0.99385004442495,0.993852655596525,0.983440534329087,0.993067354542163,0.99090759330312,0.99517088914403,0.994973213092975,0.993587493380245,0.987831662171986,0.994896858102834,0.994937883000331,0.993044421181171,0.993473188496551,0.98408462843492,0.992563033093315,0.988809571140188,0.994281932932278,0.993518444620883,0.991591989685175,0.977649040320716,0.994893106727144,0.989439696477216,0.987824983341336,0.995891309104688,0.993523040829311,0.963602263026682,0.994940520254771,0.995850527775294,0.996061467553924,0.992229245730925,0.980337475595323,0.995671353982987,0.992303681329752,0.995278574813844
"COL1A1",0.985883442491449,0.984032135477205,0.986133786280035,0.981367138746992,0.982778896519936,0.982726696283509,0.985414299479285,0.980664998169539,0.988140817909435,0.980696571803258,0.981502822245936,0.984515311916723,0.981964499666545,0.952982904017211,0.984580564072115,0.98176465410737,0.985122098229791,0.98738240155369,0.982252115442744,0.97843501909322,0.977144486146246,0.982731530832749,0,0.98979934680688,0.979210089930369,0.987133769771934,0.97144894249348,0.983382552175901,0.98561431960061,0.972018789030143,0.985813442688015,0.985396428387028,0.986322832933059,0.987200210386268,0.987599948436199,0.987590313558014,0.985702649007643,0.979731898867075,0.982966349306872,0.981220098084058,0.978709511823459,0.987040359502452,0.982903705596208,0.982547228313344,0.965133559987544,0.97752650981029,0.985583210412065,0.98378589109358,0.983882245237402,0.9844779046892,0.973252274007189,0.981957726385497,0.983632381841958,0.982899961218899,0.981205183185696,0.976108689339366,0.97958619206873,0.984237064562541,0.984830628222435,0.984297134171077,0.984592393151262,0.983718941709963,0.985424755523727,0.98338878790954,0.981537259979575,0.983320745936887,0.986376171551048,0.983679656185709,0.971483922064525,0.98002846181169,0.980885144628027,0.983860280654819,0.979231309102764,0.985542864530801,0.976644106505753,0.984438086651413,0.98547157846961,0.980784339222172,0.98492721084652,0.977346763020174,0.983615669062432,0.979713339414638,0.983489292977557,0.981222860822673,0.987958546514752,0.982415123265809,0.988689856489918,0.980824504913146,0.979502887239459,0.982060802514121,0.982208264901738,0.9673964470095,0.984167685500833,0.985361364895125,0.983245349395173,0.978984070957975,0.98027873939668,0.981710955116456,0.979798510354354,0.983084944060368
"COL2A1",0.985366898673059,0.979473319800213,0.986324580028554,0.976243182683387,0.985786843120854,0.98532320039215,0.987115504724903,0.979333843533068,0.987898943010203,0.980005468511272,0.977966061711421,0.981960127525872,0.978226871378697,0.942900546139112,0.979670407445943,0.976699463575937,0.985690621263593,0.985339994903803,0.980284785823,0.974441636823849,0.976991820283484,0.983310775740328,0.98979934680688,0,0.982938940964009,0.986202782771358,0.970233252861701,0.983959002334739,0.98710737538715,0.975911552955532,0.986627246183187,0.985313194736779,0.984893166487921,0.987593996559581,0.985557111045929,0.983175314610057,0.985795404679894,0.976437084267527,0.983631850762314,0.976801564097938,0.974768137794622,0.98615176518406,0.980142156546754,0.980131752061242,0.958729017257989,0.97800633246853,0.987428255565825,0.981885338247553,0.985285948298233,0.984559192622091,0.977759634999818,0.983421016791428,0.984562665591478,0.983064500874269,0.984226050997966,0.98229026134909,0.985076074985997,0.985294483647958,0.985326121474593,0.988033823654957,0.985072808401212,0.984962340301159,0.982825815329989,0.985153614338399,0.980167688191212,0.985725343324178,0.987250513012422,0.98281339259346,0.968584974747411,0.977532145097288,0.975819435555712,0.983093294389554,0.979632066044995,0.985806433406497,0.97550585395813,0.982914588828365,0.987185608340341,0.980749445826066,0.982572741548441,0.981596654621949,0.981112259878422,0.982242609568107,0.984489379833295,0.985248042229055,0.988355335116748,0.973702864107596,0.989019699276768,0.981068540465205,0.979533404336126,0.98425843722368,0.983773868591285,0.955785050242186,0.985053953644928,0.986209881796627,0.982915601776859,0.979436443847978,0.977122179960695,0.981634653433308,0.982481116571345,0.984624216305904
"CSRNP1",0.98710135196359,0.975039152171327,0.994574304448863,0.979695970410643,0.997939260715845,0.997671493778562,0.995405591622355,0.990751908812326,0.992665406310067,0.991716904211353,0.985380899552219,0.98981852724472,0.985131628142345,0.922594456538915,0.97386808151747,0.97024099687433,0.99342254850645,0.984697301293058,0.98372057256004,0.98270350445995,0.990409462434437,0.991912446485259,0.979210089930369,0.982938940964009,0,0.991339886977457,0.979619838022711,0.98977649181298,0.990176767310236,0.98077094678647,0.991270330793735,0.992118493143033,0.987819692326763,0.994868809885714,0.987509776033359,0.985630053388494,0.993179019399823,0.966719711668055,0.994655270044787,0.979141366069954,0.965959582036169,0.987953989371686,0.978146680157927,0.989072300439799,0.961169117592986,0.985658974676715,0.995275006622088,0.985035705605778,0.996035785206211,0.994240771630973,0.991476314358787,0.993633344962922,0.988069217722461,0.994544328355894,0.998290731344969,0.997467794345466,0.997680455500899,0.995765225386273,0.995544863833433,0.997275619403133,0.983021797173003,0.994229466837247,0.979324124868609,0.995391998395123,0.97765259189033,0.98868039694658,0.993818127206673,0.989354807523806,0.970547141492932,0.987000486686576,0.982311029577349,0.993402954543027,0.991765479836632,0.991383649890649,0.97936538751736,0.99131241410307,0.997015077401151,0.98855720283837,0.986481876989381,0.981878838778809,0.987570480617277,0.99067714045535,0.993417689769303,0.997591337152751,0.988814597634671,0.967861087502589,0.993837391215121,0.989083341412033,0.989116350721939,0.997677415572319,0.993549540522494,0.945255928714819,0.99454199340391,0.996121246753487,0.994220322380912,0.987503028756715,0.971334520519826,0.993701809969857,0.997372601473604,0.99657805436381
"DLX2",0.991764844723695,0.985420639557438,0.995989752310101,0.98715786404835,0.993522115496974,0.994086948377854,0.994517108657789,0.990271942665777,0.997169227711503,0.99228688577434,0.990437766129845,0.993078585434233,0.99025770921297,0.945141939923307,0.986470459936129,0.983153269414654,0.995201857713924,0.993090199369698,0.990999615169019,0.986809209423062,0.988949945953006,0.991706451430194,0.987133769771934,0.986202782771358,0.991339886977457,0,0.982653725466891,0.993077860746016,0.99345693561103,0.979148828603544,0.993642223228316,0.995202691136467,0.994689606044016,0.996686328349443,0.995834909196029,0.993725565802241,0.995661739949593,0.981285170082775,0.995205647971712,0.989323489416503,0.982151402747842,0.994603409166938,0.989625647937762,0.991205594684246,0.968737745370194,0.986231140089575,0.996050389722712,0.992567609648583,0.995450373097385,0.99521406872706,0.983816253165662,0.993769527802963,0.992974220078611,0.994451530406525,0.991823177768604,0.986288440759292,0.98955385872773,0.99529332514374,0.995270536653678,0.992605987209049,0.989630317485783,0.994390257282138,0.990685910246485,0.994387773755542,0.986685945615039,0.990721132351047,0.994007141308737,0.993702365569499,0.977296111743573,0.988169143780891,0.98793264792565,0.994561368323372,0.991562912387782,0.992607774098445,0.985560330116769,0.993449155836428,0.996204101986751,0.989164365493918,0.991576488854489,0.989055237090298,0.992826298193565,0.990844790171559,0.9923571573225,0.992071680898416,0.995609755756673,0.981981468243267,0.995391738599047,0.991589142502751,0.991047481163116,0.99325598718103,0.992671666921931,0.961007232834567,0.994791808799083,0.996162723623525,0.994435654891763,0.988766512941857,0.985928520824869,0.993208926739615,0.992125879414055,0.994328735104152
"DUSP9",0.988771558123464,0.982589686633134,0.988486519734496,0.994066755046665,0.98506833355483,0.986918268908938,0.986741497698625,0.991998819946322,0.982119964670445,0.993159241959131,0.989319969217177,0.990604166079983,0.987733365965081,0.924205579193749,0.970829028162918,0.963391456231473,0.983404973647882,0.98521359113783,0.986780966510688,0.993332450839751,0.992089972647092,0.988716568667856,0.97144894249348,0.970233252861701,0.979619838022711,0.982653725466891,0,0.991097040874378,0.977807015992329,0.986341723338422,0.979505549305065,0.990452718761322,0.989742702718339,0.987572209464362,0.986043864340958,0.986250212372125,0.98790540337056,0.968193178092656,0.988669983818179,0.981620829750707,0.981146720590773,0.987144725346053,0.987565657371422,0.991468708063525,0.986008978530391,0.979859720911014,0.986496631072138,0.987636081825844,0.987752032684604,0.990300725657319,0.983688757471527,0.990083882050426,0.98323153668059,0.988778422333682,0.984099074857604,0.976947567557112,0.979492033805751,0.98987930798643,0.990257362751049,0.984167518215469,0.970985163189522,0.990609888266361,0.983603807660956,0.987499349769392,0.975223505166995,0.977370843313778,0.986515593274555,0.992523654130145,0.989640912779226,0.991882696292293,0.988908670353254,0.988800490531514,0.992533201372257,0.98773497225179,0.990611035060586,0.990395694877038,0.984926681643994,0.989899702349248,0.990919818350709,0.981086701013422,0.992302137317767,0.981201900182834,0.986229171841595,0.98330721316335,0.982782191503122,0.972506100671987,0.987485161022955,0.985555595940615,0.981670929684151,0.988057355356521,0.984768500876593,0.968312412070312,0.987911392637621,0.988522016443281,0.990830834546938,0.992466353077713,0.97988608490645,0.991256793593592,0.982143919211622,0.98879644276689
"EGR1",0.995999356476388,0.989150815636116,0.996946791944022,0.992202833619977,0.994235863122338,0.995212005292019,0.99535502752071,0.994574887420638,0.994462254564651,0.996068898458662,0.994220439110691,0.995999029057617,0.993057344325882,0.941844793829809,0.984985810865536,0.978964697560482,0.994604511921037,0.994467388816106,0.991913483150121,0.992377190152928,0.993531154866549,0.995035263810037,0.983382552175901,0.983959002334739,0.98977649181298,0.993077860746016,0.991097040874378,0,0.992445418541467,0.989721214114065,0.992861284038871,0.996767558601487,0.996599679636491,0.996616014895127,0.994858121095415,0.992374254991433,0.996271578607144,0.981446508402015,0.996082203992476,0.989256392920945,0.984995524432971,0.995789199468731,0.99172101624852,0.995086712766569,0.982306669541013,0.986770380652124,0.996129226398849,0.99304861259305,0.996238665371238,0.996893055126292,0.989757201683825,0.99687896064976,0.993380081155939,0.995703688450404,0.992714562922697,0.987298543522582,0.990214873003616,0.996696458294097,0.996625354062645,0.993686199807118,0.988058349049123,0.997188485192279,0.992212281920712,0.995677633907611,0.985303550644948,0.990281576275853,0.994974513620128,0.997084761662193,0.988335326143846,0.9939276413502,0.99186522933993,0.995877563604616,0.995524214989993,0.994822819754505,0.991889012811238,0.995188871551733,0.995387683988758,0.993515388646176,0.995050769585283,0.987818589737317,0.995658665709319,0.99109952388601,0.995648134170163,0.992699255391578,0.993319029981695,0.982878717733449,0.996076155935265,0.992660697773786,0.989878090006133,0.995043876074909,0.994839696636388,0.96894372614879,0.996207115412412,0.996956430425296,0.99670761735676,0.995126372555479,0.985765978068066,0.995583499683109,0.992019344669279,0.995989838959639
"ETS2",0.991523046072076,0.981698638858128,0.993959021599128,0.980232162730413,0.993678927886303,0.993691735226808,0.993831143954995,0.986593479324185,0.99558267768126,0.987970419962203,0.984505209794761,0.988041939532668,0.984022165406155,0.946744876830556,0.986311545297404,0.982219789967766,0.995149306269709,0.990139296970587,0.985414220076759,0.980057331963286,0.983972200275374,0.991399013243206,0.98561431960061,0.98710737538715,0.990176767310236,0.99345693561103,0.977807015992329,0.992445418541467,0,0.984279643917259,0.995130943633085,0.99252179963778,0.991391479625553,0.995092546756977,0.993115366950699,0.986847974673972,0.992518238262933,0.980886405878954,0.992897427636948,0.98241893709332,0.977747150009858,0.993517134416887,0.984782310030671,0.986263407160581,0.96521049488022,0.98284445666588,0.995889638685161,0.987983154018491,0.994272593695544,0.99294117812345,0.984577035091082,0.993023142280038,0.993209565983636,0.992218372940318,0.992053358146228,0.987933347907166,0.991670359726875,0.993333064073782,0.99287123866341,0.993736833023489,0.998102815939165,0.993917749378286,0.989224071740305,0.993760977072555,0.983009423544402,0.993994756619389,0.992331213783662,0.991693490681369,0.975676436344869,0.983606641638449,0.981123848195634,0.990729553393595,0.9877142258642,0.991746076575891,0.981409723456587,0.9886179190229,0.99531950235224,0.986484114002147,0.986911614294785,0.982374131294786,0.988276443102388,0.990259948591501,0.991194825390387,0.993196380571586,0.993415014344022,0.979046366467717,0.993778342198744,0.987608509673389,0.98669391509327,0.9918526027706,0.9939294108024,0.956239438205897,0.993634006305332,0.994185910550584,0.990875249708308,0.986599966386177,0.982274058680146,0.988869419697871,0.992069346184268,0.992360935814282
"FEV",0.988282619278375,0.979847991475087,0.986934542766468,0.982335045907365,0.986932665819006,0.987495050553326,0.987263549952781,0.986094695704665,0.98202447590257,0.986693937803961,0.981715930567866,0.98463055433292,0.979937255645145,0.923755336182446,0.970072426603994,0.962193127316837,0.983961643093604,0.982426996948172,0.980575059575837,0.982706915414389,0.984890230739062,0.986315685892129,0.972018789030143,0.975911552955532,0.98077094678647,0.979148828603544,0.986341723338422,0.989721214114065,0.984279643917259,0,0.981906681254257,0.987488927685257,0.986067077224391,0.986722201757384,0.983230223934104,0.978045993579307,0.984681391422597,0.967798945268806,0.986596921075343,0.972685767230079,0.974621331359241,0.986276865207031,0.981263616546954,0.984295640025484,0.978040509010205,0.977688039525,0.987744915217692,0.982716985966991,0.987432787823683,0.987919279779281,0.98464115432062,0.988800667632895,0.98896111062722,0.986647942297659,0.98580748449815,0.982399600795384,0.984977710380332,0.987660974846704,0.987409418655009,0.987362749565231,0.979643223142308,0.990147256411362,0.981596217598152,0.987650505018882,0.973114560540564,0.981711145091805,0.985926011841902,0.990428916257339,0.983736229129152,0.984724428621418,0.979974113670085,0.98578196505209,0.987035124815174,0.987806580459752,0.98347289352221,0.983780780603279,0.985536315677268,0.985997970148478,0.984988509851551,0.974177842539712,0.986550840075254,0.982340465087739,0.985911060098042,0.986215555595589,0.981440347932961,0.968065227760278,0.987053349984364,0.983138484590074,0.978107322390853,0.987056861148166,0.986567526896634,0.958271155404226,0.986896973904774,0.987189962832844,0.987020418076312,0.988175561935575,0.974684226761822,0.986083156507646,0.983486568128791,0.987512658815469
"FOSB",0.991637257932149,0.981279467242822,0.994507233196,0.982356523347798,0.993688583216158,0.993948536646739,0.994064552940406,0.988178209115933,0.996114593164949,0.98973909606025,0.987223130767639,0.990425655292435,0.987426316476552,0.953924401579325,0.991018265230916,0.988212490978602,0.997756076051017,0.990497085526773,0.986372531167688,0.982526333340661,0.986339350633767,0.991286289027463,0.985813442688015,0.986627246183187,0.991270330793735,0.993642223228316,0.979505549305065,0.992861284038871,0.995130943633085,0.981906681254257,0,0.992629655354383,0.991704472741869,0.995043571325938,0.993380187565999,0.988765520258791,0.993677510700039,0.981755620052449,0.993399802406232,0.984920319322375,0.978460323252807,0.993584851392278,0.985844207682809,0.988182789815196,0.967895004746226,0.983823901067631,0.995348750941026,0.989713055061692,0.99459296670405,0.993736070181691,0.986663949535417,0.99317620176814,0.9919049425071,0.992849330123798,0.992518859654913,0.988534767348427,0.991208936185212,0.993847094857828,0.993652540022205,0.993693778583195,0.992171301766965,0.993717594520662,0.988749845354926,0.993443309020852,0.983945990162498,0.993843258868601,0.993497711921895,0.991555161610705,0.976451489472926,0.986087865248078,0.983962189233814,0.992037535840301,0.989358715981064,0.991853435934273,0.983567031536236,0.99070251091454,0.995547556713843,0.988158418982503,0.989217491040783,0.983859918831259,0.990099998577441,0.989581987225634,0.99272142366858,0.992961933156831,0.992060863055212,0.981873468636951,0.994509196497373,0.989039059971256,0.987572237112136,0.992700935831259,0.993343659761245,0.95734029862549,0.994310671358652,0.995077392738352,0.992458272141319,0.987928607267366,0.981074518078222,0.990564269479215,0.992496947634996,0.993555796038794
"FOXA1",0.995152775038356,0.987571613522229,0.997199401043577,0.992101573418113,0.995609087448591,0.996353593304423,0.996955135575514,0.994411020399263,0.995388432075647,0.995989208675526,0.993369317340771,0.995818978655662,0.992528141304277,0.939539345488078,0.984357512062675,0.978703250442963,0.9947837117,0.994030495923463,0.991779360364203,0.992201180913504,0.993259563091313,0.995017046033433,0.985396428387028,0.985313194736779,0.992118493143033,0.995202691136467,0.990452718761322,0.996767558601487,0.99252179963778,0.987488927685257,0.992629655354383,0,0.998444274367646,0.998336656617358,0.996337405027182,0.993977410658086,0.996607733055703,0.980433961685652,0.996852271577501,0.989385542673131,0.984837763694356,0.995779263332716,0.992158225701053,0.995593798959119,0.977949799087431,0.988023915138896,0.996975843867539,0.993304912646734,0.996971637227845,0.997311309754968,0.989084866316816,0.996605151257537,0.993433278982209,0.996415085992772,0.994267457308918,0.989341939126901,0.992211061143585,0.997454144036791,0.997598642411531,0.994990818191806,0.98751101441426,0.997648821356954,0.991682097458581,0.996356381614203,0.986682424155699,0.990700004915433,0.995787624024662,0.996998405024722,0.985901153727454,0.993902530354714,0.990798669021584,0.996247822890897,0.994991123591976,0.995639474692897,0.990541247068523,0.995948502877122,0.996425823583882,0.994485868619474,0.994642444190038,0.987879871770405,0.995601629086839,0.99186775917482,0.994791607459933,0.994249867903452,0.994880466840407,0.981021324431142,0.9969200295528,0.992552594178391,0.991404907453631,0.996324316001758,0.994473739666628,0.967372615812549,0.996594332406699,0.997521635549648,0.996826026260657,0.993849751553556,0.987081084844952,0.996093308782781,0.993318431306975,0.996759277432064
"FOXA3",0.995359453026004,0.98999285164976,0.995884370439329,0.993237698927258,0.992287032730332,0.99328006823273,0.994783522702527,0.99238185644223,0.994775752441352,0.994511828316143,0.994307964735024,0.995898908377969,0.993644216935783,0.946000325351661,0.987023632845704,0.981325826835995,0.993444691776608,0.995799776130167,0.99196105057374,0.992074471010398,0.991079973561791,0.992966487783116,0.986322832933059,0.984893166487921,0.987819692326763,0.994689606044016,0.989742702718339,0.996599679636491,0.991391479625553,0.986067077224391,0.991704472741869,0.998444274367646,0,0.996955640229393,0.997027568572836,0.994888850076022,0.995778407214329,0.984369926065871,0.994980936982815,0.991387666258047,0.989120889644988,0.996345155563944,0.994426695475968,0.99487735687783,0.980454603629848,0.98665044757626,0.995201989177756,0.993954134375892,0.994806173793024,0.995797897255821,0.985525420492713,0.994938529326496,0.993193761524204,0.994476678148856,0.990454555919673,0.984263308618032,0.987938007652249,0.995510522021381,0.995667041125968,0.991878329937943,0.987548597493206,0.996014988842947,0.994209942876319,0.994124945745853,0.988031192653535,0.990021212241854,0.994352944181056,0.996572891632767,0.987400671014,0.993051471336453,0.991330005796427,0.994817113339294,0.993012900388915,0.994492905689051,0.991409242785049,0.994957426444548,0.994184287371181,0.993124520871641,0.994859428693777,0.988062260604594,0.995669291553678,0.990431577435164,0.993237201739812,0.990551622072301,0.995032705725886,0.984526437030096,0.995957356571284,0.991622741604567,0.99027572780756,0.993083670615883,0.99253935954895,0.973019430314306,0.995021985541752,0.995858762626206,0.99512957492048,0.993056130847032,0.990552109671096,0.994017579973988,0.989845180533249,0.994496808829205
"FOXF1",0.99518295424284,0.986508383750417,0.998216341311464,0.989825583199206,0.997631818417868,0.997869724381457,0.99833944967071,0.993850892830916,0.997289802671488,0.99550233948485,0.992199849631494,0.99521254089267,0.991564740960981,0.94110364510004,0.985339615806182,0.980650865506089,0.996622890548679,0.994003236798535,0.991375963132852,0.989879581103027,0.992420313358444,0.99529231261027,0.987200210386268,0.987593996559581,0.994868809885714,0.996686328349443,0.987572209464362,0.996616014895127,0.995092546756977,0.986722201757384,0.995043571325938,0.998336656617358,0.996955640229393,0,0.996948816573542,0.993739393120658,0.997413921304584,0.980818639648788,0.997533871610339,0.988409139251898,0.982817931291902,0.996402506688661,0.990710544921845,0.994329241512114,0.974250319653208,0.988367158530507,0.998652671460653,0.993320441213138,0.998223676748228,0.997890199948016,0.989958377590638,0.997307046468242,0.994637293440296,0.997129602325286,0.996268949605023,0.992261254009281,0.994959197152463,0.998323778053922,0.998353703469628,0.997233221414108,0.990332454332346,0.998316131780687,0.991695856221713,0.997513244804171,0.987125158314323,0.993274125792372,0.996800112937089,0.996714924833942,0.982625283228542,0.992179987124703,0.989386220593038,0.996469330043396,0.994637563666295,0.996090385755779,0.988579716504181,0.995717658685059,0.998535596330635,0.993337982836472,0.993671707607689,0.987913225025732,0.994905400836304,0.993230865859187,0.995509235743137,0.996536727492768,0.996113055996578,0.980939115019402,0.997965274146808,0.99340300189935,0.992350167541142,0.997472321049972,0.996037090746612,0.963477720015124,0.997709371092975,0.998645403851831,0.997095277371327,0.993041407044842,0.986095101621012,0.996066178381259,0.995488882353701,0.99776509194545
"FOXL2",0.994727793125966,0.987779873158118,0.995070935552531,0.990254151999555,0.991871401842757,0.992651567174036,0.995084726337127,0.989815503709039,0.996113248544411,0.992413788097531,0.991080610965188,0.993286054124149,0.990510117653232,0.951807601305002,0.989746984438494,0.985156228082871,0.994362730979507,0.994997515617423,0.991006222163249,0.988824494402292,0.988448011443191,0.991503152879241,0.987599948436199,0.985557111045929,0.987509776033359,0.995834909196029,0.986043864340958,0.994858121095415,0.993115366950699,0.983230223934104,0.993380187565999,0.996337405027182,0.997027568572836,0.996948816573542,0,0.994033991047991,0.995176808085333,0.986281190533093,0.99439899050261,0.98963045047958,0.988850831129136,0.996942756625829,0.994012759163153,0.991826943866673,0.975845376683336,0.985577167285519,0.995518569426874,0.99381596358451,0.994274929193234,0.99487823714983,0.983104341532511,0.994021148101716,0.993611483503599,0.993576051699489,0.989544985574701,0.983488698052735,0.987514730495251,0.994472551311508,0.994678567409386,0.991580886695634,0.989988982627534,0.995193702001963,0.994684660562972,0.993418065567929,0.988321212846955,0.99149592911322,0.993538437516608,0.995689599808313,0.983027639923653,0.989371015920147,0.988853431635721,0.993518316411316,0.99100145679971,0.993723260208359,0.989356035402256,0.993304969360095,0.994616451029578,0.990439366327451,0.993096526697415,0.986845461881432,0.994454663102626,0.989620833302773,0.991817114738925,0.990660057193603,0.995798666900955,0.985554870387342,0.995530647620514,0.991056945478858,0.989788619352095,0.991741489279717,0.992456302974172,0.969089447029257,0.994695514199179,0.995158472014623,0.993687239111966,0.990696691341981,0.99067526995258,0.992136774062945,0.989213752297488,0.993227243112983
"FOXO4",0.992386375667567,0.98991791848078,0.993980965209127,0.993765296381155,0.988890828042426,0.989880194535337,0.991284370611687,0.991680972790181,0.992970735208926,0.993140596720236,0.993310439855951,0.994815011110414,0.992827621717492,0.946926143492888,0.985670795981168,0.982079084868562,0.990677549150042,0.993768456294305,0.992689214710978,0.992155204529634,0.990834274747178,0.991217265758097,0.987590313558014,0.983175314610057,0.985630053388494,0.993725565802241,0.986250212372125,0.992374254991433,0.986847974673972,0.978045993579307,0.988765520258791,0.993977410658086,0.994888850076022,0.993739393120658,0.994033991047991,0,0.993677188358824,0.98074404291556,0.992522444066323,0.991941441330119,0.986161382700626,0.992555013105232,0.992066017016045,0.993963299518878,0.978095187929847,0.985502087121249,0.99112213006165,0.991791400965109,0.991543858071388,0.993094835206853,0.981152171559374,0.990926307792258,0.98875426444023,0.992238647197917,0.987272881208456,0.980455484011814,0.983387577332587,0.992776162611744,0.99326420176506,0.988144664501066,0.983267200694409,0.991413365575754,0.990179828148664,0.990380032402094,0.986647098040379,0.984380781564464,0.991910889928472,0.992580565870988,0.984026399835002,0.991972272670789,0.993689595457034,0.993800939764362,0.991499564306949,0.991357781831236,0.989547964142197,0.994227849492619,0.99137816774821,0.991128691842639,0.994365952012967,0.987725961808806,0.994145663884765,0.987073309119212,0.991294061100804,0.986370807213118,0.992564798465447,0.986577387370732,0.993768627508069,0.990205180730566,0.988567372527411,0.990252111476558,0.988575442748008,0.973890986446133,0.992070631337506,0.99324580321466,0.993980901343677,0.989445122822975,0.986125241632123,0.993136715889058,0.985990361523831,0.991652028992346
"GLB1L2",0.99451192728635,0.987232903346402,0.997727817109089,0.99051992474135,0.99541061738627,0.996418622486004,0.996106469383395,0.994377653040235,0.996488301810158,0.99594879411371,0.994055064993647,0.99631930879576,0.993617622922151,0.93964242487738,0.984665681291141,0.979956857844191,0.99556507087978,0.993808866190522,0.992472646215487,0.991271423750488,0.993738599224597,0.994470761104327,0.985702649007643,0.985795404679894,0.993179019399823,0.995661739949593,0.98790540337056,0.996271578607144,0.992518238262933,0.984681391422597,0.993677510700039,0.996607733055703,0.995778407214329,0.997413921304584,0.995176808085333,0.993677188358824,0,0.98017900267941,0.997054453249689,0.98987507663577,0.982370463808601,0.995493693971664,0.99041786863828,0.995345200997971,0.976059260453766,0.988932119429783,0.99679018436276,0.993337622635097,0.997103951068676,0.997187283576546,0.989038306649186,0.996171288385133,0.992932561758998,0.996623485683533,0.994373726760953,0.989342900569484,0.991644787558571,0.997326144506417,0.997268901310707,0.994662319503007,0.987525909999471,0.996775621764201,0.990791577742454,0.996050919910399,0.98557426117233,0.99044078929982,0.99555369007902,0.995767784840583,0.982861826793123,0.993390835152471,0.991807173889732,0.996949461529121,0.995409921980241,0.995005254695757,0.989807289430519,0.995816163363177,0.997199834711532,0.99301767158673,0.994852435588686,0.989552954261353,0.995326555391641,0.991542941658454,0.995788708009667,0.994015307360888,0.99436684019299,0.981821222945684,0.996598922543324,0.993632909245452,0.991935439358749,0.99627782769133,0.994868954732656,0.964531838994879,0.99692746021261,0.998047667097022,0.997448088978434,0.99317827091496,0.984612267934817,0.996462975662209,0.993945001216173,0.996984449004072
"HES7",0.982460253695409,0.979142741587164,0.979250647512326,0.975837318350711,0.973170070190381,0.973858389538151,0.977646581517371,0.971307198221659,0.983217793609101,0.973921846995511,0.976698168142825,0.9785634339433,0.976729344371737,0.964356951982503,0.987621844216405,0.983350978204184,0.980206188954718,0.986961392943292,0.977180041304745,0.9732087197599,0.969286784812211,0.975872122217884,0.979731898867075,0.976437084267527,0.966719711668055,0.981285170082775,0.968193178092656,0.981446508402015,0.980886405878954,0.967798945268806,0.981755620052449,0.980433961685652,0.984369926065871,0.980818639648788,0.986281190533093,0.98074404291556,0.98017900267941,0,0.976402581355349,0.979772960620855,0.984888897378883,0.986423816843923,0.984627273589924,0.975727483619315,0.9679313237229,0.969189475556618,0.979793833339281,0.980958678500763,0.976706687790005,0.977843840454656,0.964806225384346,0.976919420026825,0.980455027021436,0.975785500468977,0.969859288949433,0.963511243414284,0.96864295653699,0.976573372198826,0.976523449933288,0.974577036546645,0.981494063458999,0.978353362144538,0.989571063672482,0.976083035568934,0.980362929295878,0.981867343632467,0.979090170798285,0.9800580844099,0.971864060507186,0.973033855132711,0.974557192356309,0.976396269728013,0.972654682380509,0.98040391022344,0.977721918426435,0.97752789662918,0.977820125688245,0.974556411625905,0.981542072431443,0.971339131370292,0.979602883904042,0.97232823315517,0.976668902498519,0.971363575162741,0.983975709099025,0.982117467941205,0.982255789418641,0.9754986627627,0.973469133205191,0.972421176283205,0.977400157928805,0.969729268235812,0.977852521156422,0.97808287356748,0.975745596823453,0.975487520982334,0.985236230309607,0.972936370680637,0.96967764502296,0.975139129500263
"HK2",0.993908068105453,0.985382696583208,0.99797378936094,0.989524291132581,0.996648615647911,0.997599075250342,0.996877550232082,0.995088231211215,0.995766952165979,0.996707531645697,0.992793155695024,0.995396798988448,0.991920303223563,0.935281574911769,0.981818521445774,0.97753709998928,0.995805088032416,0.992134304026295,0.991948705784655,0.99073923086259,0.994845736381284,0.995333743106217,0.982966349306872,0.983631850762314,0.994655270044787,0.995205647971712,0.988669983818179,0.996082203992476,0.992897427636948,0.986596921075343,0.993399802406232,0.996852271577501,0.994980936982815,0.997533871610339,0.99439899050261,0.992522444066323,0.997054453249689,0.976402581355349,0,0.98794989359494,0.980205990295349,0.994825256198059,0.989357693648722,0.994804106774379,0.974254893430964,0.98814513271048,0.997171365560652,0.992734671032923,0.997966205483123,0.997724055822168,0.990141040185579,0.997088339257551,0.993304575875333,0.997519466141227,0.996177299177996,0.991205585232892,0.993399542264895,0.998141310368953,0.99804467357021,0.995491106749413,0.987245243133131,0.997652871251727,0.988488571924092,0.997156019178897,0.984816889442529,0.989536948649437,0.995737096410367,0.996138873237093,0.982982916987399,0.993132025576556,0.991379574569937,0.997683043220487,0.996541735625904,0.994608719897953,0.989675029933816,0.995804635280293,0.997645538505733,0.993233945584063,0.993911719704177,0.988276372083809,0.995233441176855,0.992113181466626,0.99600906007874,0.995643613829078,0.993619505568542,0.978660252176313,0.996598136782668,0.993175014364509,0.991523519758927,0.997427165869535,0.995747943438098,0.960133717820469,0.997372211647277,0.998428388098885,0.99827968826974,0.993340565626771,0.982274045594279,0.997280690868171,0.995434351308698,0.997639880051772
"HNF4A",0.98746933539383,0.98558298189634,0.989288646052208,0.988286404232842,0.982678712030593,0.98425405348612,0.985416935118216,0.986218233452419,0.989078996894339,0.988646587934998,0.991577843288077,0.992059831247701,0.991520722512499,0.945515905235092,0.983794112169707,0.979099139470821,0.986663627995594,0.990715314811756,0.989532641065978,0.987623514431793,0.98595710140241,0.986557598461344,0.981220098084058,0.976801564097938,0.979141366069954,0.989323489416503,0.981620829750707,0.989256392920945,0.98241893709332,0.972685767230079,0.984920319322375,0.989385542673131,0.991387666258047,0.988409139251898,0.98963045047958,0.991941441330119,0.98987507663577,0.979772960620855,0.98794989359494,0,0.982521904232767,0.988697441417463,0.988193237360857,0.989501001234505,0.973937693837935,0.981141297905891,0.98610957968723,0.986969498995588,0.986768448303327,0.988260912608661,0.975335651507248,0.986055719741417,0.984786432291209,0.987203299932859,0.981149824959151,0.973509728383133,0.9766292163849,0.987859986809927,0.987811931887727,0.981498924588833,0.979362907158925,0.98623583269179,0.987467349767617,0.985423759127545,0.984036289706516,0.980029001038029,0.986853167537796,0.988080554505447,0.980605630013462,0.987351852839516,0.990270457244193,0.989300597702074,0.987849273002309,0.986578749469266,0.985145871990497,0.990216089192824,0.986414309100812,0.985750683457387,0.990567005012323,0.985699208475366,0.989080419936406,0.981616908325986,0.987285838747853,0.97996467016681,0.988417592180273,0.982869065588403,0.988783498625333,0.985675686261768,0.983469261201655,0.98433402133966,0.98416135069666,0.970774780857822,0.987127982909803,0.988756267702069,0.989349223500218,0.985556916602383,0.983189092319721,0.987975579886176,0.980826857101188,0.986385158995587
"HOXA13",0.987042497200639,0.985659155615763,0.981417356419409,0.987685856323085,0.973653673574559,0.975523166713968,0.979794966058853,0.97745182306172,0.982176254675343,0.980906671030379,0.984960571048087,0.98482384975934,0.984323683708784,0.956545043501969,0.984258641760371,0.979494882557412,0.979126654425145,0.989061264736276,0.981478569563095,0.984378049169531,0.976001731887169,0.977319824162997,0.978709511823459,0.974768137794622,0.965959582036169,0.982151402747842,0.981146720590773,0.984995524432971,0.977747150009858,0.974621331359241,0.978460323252807,0.984837763694356,0.989120889644988,0.982817931291902,0.988850831129136,0.986161382700626,0.982370463808601,0.984888897378883,0.980205990295349,0.982521904232767,0,0.989706736979697,0.996322304700605,0.983696090756338,0.979900782983665,0.973565710807599,0.980391783047029,0.986832736482809,0.978507327949012,0.981395509838047,0.966537397180194,0.98067973080364,0.982563152921268,0.979006883699932,0.970676590522729,0.96137109787003,0.967239858705843,0.980110032036547,0.980674547125574,0.974259907144307,0.976399128584861,0.982617375997042,0.991297873125137,0.978021079753043,0.982100621797122,0.977953882038843,0.980857098419046,0.986615667823866,0.983013239556475,0.98185512224417,0.98233240980702,0.980698920188315,0.97818164661749,0.982704238648945,0.988451504551365,0.981858606744309,0.977790343485425,0.98135637140142,0.986597813521557,0.976711345465027,0.987315643128507,0.975429200648007,0.978442991690657,0.971559088262828,0.985148833806246,0.985603350999195,0.983880190480518,0.979581022677126,0.976082319445104,0.974973880994029,0.978253679127593,0.978442459077556,0.980319576234176,0.980666967113897,0.980487869134213,0.982127596765326,0.989914993681076,0.978704795623532,0.970009644955882,0.978568268121295
"HOXB9",0.99546954774707,0.988747329454807,0.99553393113801,0.989916275937209,0.99233490067688,0.993264518383162,0.994721087845831,0.990874091255079,0.996204094517675,0.992777224827861,0.991900869697694,0.993877171275027,0.991346962144948,0.95059607300302,0.989133820341496,0.984494116705978,0.994569982465595,0.995388985996356,0.990861875032574,0.989196338403779,0.989266656450984,0.991838698430993,0.987040359502452,0.98615176518406,0.987953989371686,0.994603409166938,0.987144725346053,0.995789199468731,0.993517134416887,0.986276865207031,0.993584851392278,0.995779263332716,0.996345155563944,0.996402506688661,0.996942756625829,0.992555013105232,0.995493693971664,0.986423816843923,0.994825256198059,0.988697441417463,0.989706736979697,0,0.994443999213323,0.992494635549942,0.978533885381469,0.98614794697754,0.995949053782415,0.994266521493315,0.994656557268647,0.995229393039697,0.984944629184511,0.99490419777826,0.994684741003132,0.99408822114264,0.990470374898552,0.984505722685127,0.988321184381711,0.994912030226749,0.994845663546159,0.992211941633932,0.990337825971765,0.996202669433214,0.995496495836061,0.99379155850521,0.987531693176781,0.992116624831544,0.993975670498137,0.996222926507013,0.984631127636964,0.990442082349399,0.989372075758452,0.994121174161786,0.992055151350395,0.994809080785575,0.990840975223892,0.993504637951882,0.995055631564526,0.991244827979,0.993854703034956,0.987339273294841,0.9951374358608,0.989776066792581,0.9931263332825,0.991147742325337,0.995086723724875,0.985950756926795,0.995837675393605,0.992147067413917,0.989518387192293,0.99245804835236,0.993476725620412,0.969087248945932,0.995021063066375,0.995539271261653,0.994240143681528,0.992429941037032,0.989300168643416,0.992525134212541,0.990145093815226,0.994097161293292
"HOXC13",0.992695912202987,0.988622525469729,0.989963118816997,0.992529986349087,0.983969513350807,0.985584354591701,0.988445178332616,0.98653858764913,0.989416952681358,0.989773285300623,0.991512732572438,0.992089167504817,0.990748015479916,0.951072373734438,0.986165226514641,0.981212808223274,0.987436904282101,0.993187013354669,0.988433318448607,0.990898722491175,0.985882883445856,0.986023723532562,0.982903705596208,0.980142156546754,0.978146680157927,0.989625647937762,0.987565657371422,0.99172101624852,0.984782310030671,0.981263616546954,0.985844207682809,0.992158225701053,0.994426695475968,0.990710544921845,0.994012759163153,0.992066017016045,0.99041786863828,0.984627273589924,0.989357693648722,0.988193237360857,0.996322304700605,0.994443999213323,0,0.991336343959027,0.981878312211783,0.981735388560765,0.988518523293105,0.992309626326996,0.98789546743797,0.989907878517343,0.977218344117636,0.988939339801801,0.989048906238053,0.988318347700997,0.981876724460281,0.973507827337463,0.978162484789649,0.98913509914741,0.989593024710626,0.983759915358627,0.981806790652729,0.990634916275732,0.993255760868928,0.987241378454296,0.986154160948239,0.984115377891261,0.98874957815969,0.993166440204235,0.98697143779495,0.989642497292217,0.98920301892021,0.989623630574278,0.987714959938536,0.989525903074241,0.993146985067301,0.990150309527604,0.987100120470881,0.98917472363968,0.992704027282109,0.984049399656638,0.993712217430636,0.984074342120627,0.987422085285798,0.982040745446467,0.990884009091724,0.986988243459623,0.990884557921715,0.987328018253117,0.984603105376214,0.985468713439295,0.986831374621446,0.976142115111969,0.989033881881625,0.989636479210032,0.989696630688549,0.989108444357702,0.990329975834135,0.988291970835294,0.981058548589053,0.98795649019545
"IGDCC3",0.99385635647027,0.988465895623886,0.995305795284724,0.99478638550951,0.991898191769313,0.993308034887775,0.992976716735919,0.995838958753742,0.991487500985395,0.99662142758392,0.995993486420815,0.997244264116094,0.995079894417953,0.935091164746957,0.980678949956768,0.975157684109017,0.991129173157982,0.991687577386952,0.991871692510148,0.996141233039719,0.9952750624075,0.99383810975842,0.982547228313344,0.980131752061242,0.989072300439799,0.991205594684246,0.991468708063525,0.995086712766569,0.986263407160581,0.984295640025484,0.988182789815196,0.995593798959119,0.99487735687783,0.994329241512114,0.991826943866673,0.993963299518878,0.995345200997971,0.975727483619315,0.994804106774379,0.989501001234505,0.983696090756338,0.992494635549942,0.991336343959027,0,0.982424655141553,0.987761863361354,0.992294363936143,0.991855157823045,0.993891726098274,0.995317673533841,0.988333298517335,0.993757354311038,0.988698155756692,0.994604975991989,0.991213924202667,0.985340306647857,0.98743930973365,0.995300562172426,0.995678264717599,0.990786863319522,0.980645304513463,0.994380669734085,0.988080370476219,0.993207748361662,0.983918151327064,0.984460802037826,0.993330380021585,0.994440408510011,0.987093157238797,0.998817979947731,0.994797468228136,0.995902531084051,0.995293332559839,0.992882717499668,0.993214547304843,0.995864471264866,0.992781884687195,0.994407670931645,0.99557457903913,0.986868806051005,0.995592558453716,0.988127094674455,0.994129205891161,0.989725115081725,0.991127784616033,0.981720881366557,0.994233763699337,0.99106354383472,0.989605339619526,0.994753384289392,0.991715591778307,0.971732340270551,0.994101956694314,0.995354664368325,0.996788883130131,0.993734672216958,0.982828251363356,0.996481042338448,0.99009123545186,0.995067589784019
"IKZF3",0.981906841091473,0.981367676601304,0.976359071865426,0.988859135532552,0.968927238847678,0.971271546783459,0.972423148214735,0.982112684639075,0.969751294734396,0.981891780700681,0.983850470702252,0.983009911674398,0.981832913255011,0.933180656587669,0.967982159622922,0.95974910770497,0.970036106237964,0.979975594773917,0.979082714939957,0.987296447278639,0.981114801472559,0.976432637330646,0.965133559987544,0.958729017257989,0.961169117592986,0.968737745370194,0.986008978530391,0.982306669541013,0.96521049488022,0.978040509010205,0.967895004746226,0.977949799087431,0.980454603629848,0.974250319653208,0.975845376683336,0.978095187929847,0.976059260453766,0.9679313237229,0.974254893430964,0.973937693837935,0.979900782983665,0.978533885381469,0.981878312211783,0.982424655141553,0,0.967767430449332,0.972327268922176,0.977688129631963,0.972815427808124,0.97713479704249,0.972514939446512,0.977124546422195,0.97165779513252,0.975010701073484,0.967270329375118,0.95937208446715,0.962262337944983,0.9752920967224,0.976228265742044,0.969446037977652,0.961347099240657,0.977359621868608,0.97902019882562,0.972210421775327,0.967397460379263,0.964443391924516,0.974962300715196,0.982156211995086,0.990352440388751,0.984323176266809,0.985212624644719,0.977733373640537,0.980397724392571,0.97655251720329,0.983792554374016,0.979645004531213,0.969656448470671,0.980735514391683,0.984803840248419,0.967780377031919,0.983895255845765,0.966585013978706,0.976223069021049,0.96565785141012,0.970169431055872,0.976263544451663,0.97661466426056,0.975017395273155,0.969189395868411,0.972640634115721,0.972937056684486,0.979845030682944,0.974365420913141,0.974871422540336,0.979496135277564,0.985879507533209,0.973263067302138,0.979535696643635,0.964364456689789,0.97511101530958
"IRF1",0.985468593737462,0.979429867661603,0.988907781591251,0.982721017543276,0.987441775202897,0.987948896642157,0.987757615491629,0.986925894801063,0.987502465339613,0.987894459903225,0.986717314592318,0.988561190973138,0.98638786657696,0.930829592850642,0.974753701982341,0.970809658477367,0.986020311403558,0.984743166429665,0.985235403351954,0.984420522353928,0.986269622509478,0.985643008023538,0.97752650981029,0.97800633246853,0.985658974676715,0.986231140089575,0.979859720911014,0.986770380652124,0.98284445666588,0.977688039525,0.983823901067631,0.988023915138896,0.98665044757626,0.988367158530507,0.985577167285519,0.985502087121249,0.988932119429783,0.969189475556618,0.98814513271048,0.981141297905891,0.973565710807599,0.98614794697754,0.981735388560765,0.987761863361354,0.967767430449332,0,0.987371591770141,0.98375937902838,0.988154870468643,0.988209837001019,0.982288535920881,0.986641173195215,0.984735222202533,0.986988224994042,0.986702592065737,0.983293179283403,0.984436982604067,0.988663086482811,0.988781675915849,0.987274637283754,0.977699649482419,0.988049953858284,0.980512296434071,0.98702443406596,0.980024461457912,0.980753180728694,0.988135922526932,0.986577389912104,0.974700933713297,0.986058351292284,0.984433639693962,0.988626862010229,0.987826361517541,0.987006794268834,0.981054721619129,0.987608198176701,0.988497827928719,0.985643362780351,0.987468291125439,0.981772859773537,0.986761364551135,0.981971064459363,0.987879350184533,0.985947667809213,0.985936123674093,0.974927330598053,0.989138705739782,0.985631723434164,0.983694801118067,0.988252427207566,0.985387059624304,0.956009592372352,0.987688338941536,0.989248984943894,0.989283125825198,0.984680871192047,0.973762768966794,0.988655893453617,0.985202367338709,0.988621804920638
"ISL2",0.994446962585099,0.984200701460366,0.997737153106387,0.987098233868169,0.99800799343085,0.998187012410232,0.997839056213104,0.992919026514542,0.997173156758778,0.994402667320321,0.989907317030001,0.993394806414026,0.989435679575841,0.938610665410513,0.983886767598299,0.979164306711142,0.996775116017533,0.992481842474041,0.989483791332637,0.987269026047969,0.99129575072873,0.994915125360705,0.985583210412065,0.987428255565825,0.995275006622088,0.996050389722712,0.986496631072138,0.996129226398849,0.995889638685161,0.987744915217692,0.995348750941026,0.996975843867539,0.995201989177756,0.998652671460653,0.995518569426874,0.99112213006165,0.99679018436276,0.979793833339281,0.997171365560652,0.98610957968723,0.980391783047029,0.995949053782415,0.988518523293105,0.992294363936143,0.972327268922176,0.987371591770141,0,0.992337029163049,0.998204681851087,0.997508077602493,0.990611564743191,0.997396237572916,0.994751129490941,0.996918789228266,0.996738025873988,0.993023158830082,0.995739894677568,0.998008559001521,0.997759902395123,0.997764921459777,0.990926254475078,0.998365248886911,0.990824369987216,0.997517544038911,0.984873473440886,0.993885411966143,0.996393505598265,0.996088319049709,0.98003870802368,0.990117488231656,0.986849864823036,0.995629312340644,0.993976661069178,0.99571595904814,0.986562965494086,0.9941877481481,0.998781416267976,0.991617106663186,0.991988068279713,0.98609357763003,0.993537048943533,0.992851013448447,0.995091256928503,0.997284679039958,0.99514225862443,0.978118582073047,0.997336470369249,0.992406766076448,0.991243188723281,0.997394031213993,0.996188414906839,0.959100190362198,0.99754958191358,0.998354183293528,0.996235097884968,0.99222271330626,0.984551888238586,0.995054694280031,0.996005109518177,0.997566858779152
"JUN",0.993125704946583,0.987784478076396,0.993114121179274,0.990755012479552,0.989189775702481,0.990409390929931,0.992015619805714,0.99029982409449,0.99236247892972,0.991939284272473,0.990917829582846,0.992766072160837,0.990316732601693,0.944283851012746,0.984423066928538,0.979909345740367,0.991132863622438,0.992799906523801,0.989249620507963,0.9894649266853,0.989314765953999,0.989385700610972,0.98378589109358,0.981885338247553,0.985035705605778,0.992567609648583,0.987636081825844,0.99304861259305,0.987983154018491,0.982716985966991,0.989713055061692,0.993304912646734,0.993954134375892,0.993320441213138,0.99381596358451,0.991791400965109,0.993337622635097,0.980958678500763,0.992734671032923,0.986969498995588,0.986832736482809,0.994266521493315,0.992309626326996,0.991855157823045,0.977688129631963,0.98375937902838,0.992337029163049,0,0.99210597874993,0.993070097223251,0.98165409669172,0.992448674735154,0.990679736450344,0.99197647881943,0.987492817722971,0.980735033624646,0.98427732409144,0.992763302671009,0.992848637593711,0.988832388145363,0.984024565010838,0.993421198414664,0.991079419243564,0.991291377790611,0.984886314362458,0.986902604714585,0.991404606974267,0.993924743091903,0.983645022925781,0.989947958353877,0.989810454820119,0.992966565620289,0.990679011875363,0.992447810595219,0.989612352438504,0.991659180415198,0.991731041960527,0.990676663880796,0.992825028112919,0.985549153223589,0.996288747730641,0.9874087274953,0.989811047942469,0.987682595323289,0.991404189744409,0.982862063824489,0.993184849621097,0.990591905982568,0.987639654584808,0.990088985611912,0.989844337084673,0.96857789487681,0.992800373930872,0.99322005468846,0.992953020007354,0.990468441831615,0.986923271745599,0.991882134121659,0.986478725223052,0.992356149388366
"KIF2C",0.993856338036621,0.984301958946201,0.99826576794015,0.988235603789515,0.998005994344782,0.998527707812715,0.997561909768551,0.99445439266161,0.996142799849054,0.996139954431591,0.991825795642756,0.994911311284592,0.991098143360244,0.934356001551523,0.98191555997194,0.977186699613635,0.996695827981896,0.991758563501678,0.99055311491828,0.989483985987916,0.993824086124538,0.995406770049746,0.983882245237402,0.985285948298233,0.996035785206211,0.995450373097385,0.987752032684604,0.996238665371238,0.994272593695544,0.987432787823683,0.99459296670405,0.996971637227845,0.994806173793024,0.998223676748228,0.994274929193234,0.991543858071388,0.997103951068676,0.976706687790005,0.997966205483123,0.986768448303327,0.978507327949012,0.994656557268647,0.98789546743797,0.993891726098274,0.972815427808124,0.988154870468643,0.998204681851087,0.99210597874993,0,0.998382816705697,0.99187592400322,0.997546208298694,0.993760446196408,0.997676306422473,0.997399865655687,0.993356013554716,0.995479887465963,0.998555010264433,0.998470524813313,0.997155492744631,0.988646656844474,0.998188523067797,0.988579772019405,0.997994342119839,0.984451845556604,0.991843278401916,0.996509399720818,0.99608772589967,0.98136353113849,0.992052700030811,0.988980665144569,0.996905187315383,0.995684988154466,0.995175242511735,0.988135440761011,0.995377087907464,0.998528903212639,0.993079251163369,0.992865357717021,0.988081537276572,0.994312420906962,0.993461518098079,0.996230510294712,0.997120078373362,0.993875332590644,0.977317905059286,0.997158641623537,0.993120176203317,0.991874192449714,0.998167082794225,0.996408841108081,0.95841864614008,0.997902726823447,0.998940436320743,0.997700110283399,0.992883714650246,0.9822203766857,0.996657424618878,0.996813046155073,0.998275709548744
"KIF18B",0.994638545355465,0.986445367009773,0.998090817536895,0.991142390418253,0.996804602025559,0.997630176478591,0.997090454867052,0.995504552435987,0.995642229184072,0.996982918799163,0.99354466073358,0.996058549309408,0.992756481899013,0.936304165599579,0.982810628640228,0.977683327510622,0.996050500352065,0.9928875351091,0.991804251925994,0.992001295315771,0.99463187941394,0.995633036882234,0.9844779046892,0.984559192622091,0.994240771630973,0.99521406872706,0.990300725657319,0.996893055126292,0.99294117812345,0.987919279779281,0.993736070181691,0.997311309754968,0.995797897255821,0.997890199948016,0.99487823714983,0.993094835206853,0.997187283576546,0.977843840454656,0.997724055822168,0.988260912608661,0.981395509838047,0.995229393039697,0.989907878517343,0.995317673533841,0.97713479704249,0.988209837001019,0.997508077602493,0.993070097223251,0.998382816705697,0,0.991452530280444,0.997496693905462,0.993415565420666,0.997547023438444,0.995957429369586,0.991307830511559,0.993584333514438,0.99827900521706,0.998400243758127,0.995971385439615,0.987387294338107,0.998058052120906,0.989943916847886,0.997367024902863,0.985237648689359,0.990727297514047,0.996241218382029,0.996782365867861,0.98455303052938,0.99379740233271,0.991149111619016,0.997113913370813,0.996281356434347,0.995342096146759,0.990213737823967,0.99608299368509,0.997536326408485,0.994066462096928,0.994350407872655,0.988810778064285,0.995607101253872,0.992738337087878,0.995996054403283,0.99556694517458,0.993824066562468,0.979449750849384,0.99711948351217,0.993451415022105,0.991603884405839,0.997491830820045,0.99573007200884,0.963175448270976,0.997496442302814,0.998567764470944,0.997987950092655,0.994050394095912,0.984049519770583,0.99716456714046,0.995273187730876,0.997944739455141
"KLF1",0.987085322373616,0.972979425746496,0.991126152066188,0.981370976112166,0.992884497439154,0.993162381006083,0.990751939899719,0.990213627697639,0.986007676942956,0.990726925735961,0.985156158217335,0.988314525934485,0.984505542501201,0.920116466043059,0.970011590719886,0.963697628711088,0.988511261449411,0.981778847416654,0.981531083142038,0.984763324404765,0.989752164373289,0.990363205823569,0.973252274007189,0.977759634999818,0.991476314358787,0.983816253165662,0.983688757471527,0.989757201683825,0.984577035091082,0.98464115432062,0.986663949535417,0.989084866316816,0.985525420492713,0.989958377590638,0.983104341532511,0.981152171559374,0.989038306649186,0.964806225384346,0.990141040185579,0.975335651507248,0.966537397180194,0.984944629184511,0.977218344117636,0.988333298517335,0.972514939446512,0.982288535920881,0.990611564743191,0.98165409669172,0.99187592400322,0.991452530280444,0,0.990916730827543,0.983973050776581,0.990329604188911,0.99318420870261,0.992605021294548,0.992628264226983,0.992022552698119,0.992031282964945,0.993130355808507,0.977406292479228,0.991282943021393,0.97752095194901,0.991193342515271,0.974600175814422,0.984942388561336,0.990691271618861,0.987615217745389,0.977376907170226,0.98840601512706,0.981652606497679,0.989624449075281,0.990449633990823,0.988675678929968,0.981271929688788,0.98937751942719,0.991080076151107,0.988921567676203,0.986442790829912,0.977205729083512,0.986503309788625,0.984211784355373,0.990734726042031,0.992138231712287,0.984525728302906,0.964804674203252,0.990382515135756,0.985392109932445,0.983639887714181,0.993904356299736,0.990547245947055,0.950188712053393,0.99054326170675,0.991761775643378,0.991268195968142,0.989190651305152,0.970322985393616,0.991093526535675,0.991430006398148,0.992903357201336
"KMT2A",0.994086838807693,0.984740258609051,0.997373401257745,0.989583346223682,0.996526880151437,0.997335900010375,0.996722872637254,0.994367959125378,0.994686978955611,0.996130237938444,0.992079573081075,0.994805008990183,0.991101281452422,0.935511654214924,0.981836362991877,0.976420463376818,0.995396788354626,0.992350610396613,0.98986663995348,0.990260113523307,0.993558103979351,0.995063632240944,0.981957726385497,0.983421016791428,0.993633344962922,0.993769527802963,0.990083882050426,0.99687896064976,0.993023142280038,0.988800667632895,0.99317620176814,0.996605151257537,0.994938529326496,0.997307046468242,0.994021148101716,0.990926307792258,0.996171288385133,0.976919420026825,0.997088339257551,0.986055719741417,0.98067973080364,0.99490419777826,0.988939339801801,0.993757354311038,0.977124546422195,0.986641173195215,0.997396237572916,0.992448674735154,0.997546208298694,0.997496693905462,0.990916730827543,0,0.993111774279141,0.997058529234971,0.995447848771371,0.991090723810422,0.993544149200651,0.997852662955178,0.997731280815921,0.995787800651484,0.987559202933247,0.998075751991323,0.989685896688557,0.997130211266203,0.983395766076972,0.991050653902072,0.995327396137196,0.996646243117537,0.983986589800839,0.992315657949862,0.989241927257912,0.996018609137733,0.995557152142212,0.99477487750021,0.989347812594735,0.994881368341626,0.997079963160264,0.993056259865113,0.992835503768456,0.987011419196553,0.994697240318368,0.992684226370181,0.995200192399886,0.995563953399977,0.992729317592882,0.977655486202247,0.996252475819339,0.992415595208425,0.990753667851108,0.996997037057127,0.995948396262994,0.96101981062676,0.997223062297703,0.997966460021041,0.997076480053239,0.994386755563799,0.983431086104428,0.99624677966738,0.994850227931414,0.997503130187477
"LHX1",0.992482436109603,0.984564846415272,0.99383590940607,0.98502390336796,0.9927178571799,0.992509004618925,0.993105005963752,0.988045970193516,0.994033697347947,0.990165107215922,0.987995587577018,0.990733307453976,0.987372770109196,0.942682196213886,0.984129298498474,0.979474506795169,0.993142336110338,0.991499204441791,0.987836433786852,0.984801100484762,0.986734644596519,0.990103109871013,0.983632381841958,0.984562665591478,0.988069217722461,0.992974220078611,0.98323153668059,0.993380081155939,0.993209565983636,0.98896111062722,0.9919049425071,0.993433278982209,0.993193761524204,0.994637293440296,0.993611483503599,0.98875426444023,0.992932561758998,0.980455027021436,0.993304575875333,0.984786432291209,0.982563152921268,0.994684741003132,0.989048906238053,0.988698155756692,0.97165779513252,0.984735222202533,0.994751129490941,0.990679736450344,0.993760446196408,0.993415565420666,0.983973050776581,0.993111774279141,0,0.992546939676196,0.990378957138677,0.985584963105924,0.989047269919482,0.993382469969447,0.993015232852695,0.991815634239068,0.98994386370561,0.994259884832383,0.990479380846932,0.993187830433156,0.984666684953886,0.990818461988106,0.992332432845476,0.994038310800799,0.980014532160345,0.986603303646791,0.984938959104345,0.992058007573004,0.989863731337757,0.992931194868863,0.986167230964964,0.990279318693833,0.993916229774159,0.988620344160758,0.990192917661329,0.984918723664985,0.991908322926299,0.989282006402069,0.991195874547843,0.991020343670026,0.992962207933453,0.979777898385314,0.99372695932883,0.989653569216065,0.987700534557915,0.991253181144307,0.99209741607976,0.960855951612216,0.993238470591214,0.993971699105928,0.992072719158902,0.988651315240963,0.984423992324898,0.99034769952168,0.989962758841542,0.99252533730824
"LYL1",0.993591555887802,0.984696582734023,0.997512439983977,0.989443137565716,0.996587605573448,0.99742848039366,0.996411876583267,0.995074512655913,0.995168260474842,0.996428745647781,0.992129885964429,0.995128939933591,0.991379636078803,0.933059645106558,0.981109672395933,0.976239117305735,0.995454131048747,0.991517036149563,0.990522914821158,0.990306986803678,0.994795025594285,0.995290101019291,0.982899961218899,0.983064500874269,0.994544328355894,0.994451530406525,0.988778422333682,0.995703688450404,0.992218372940318,0.986647942297659,0.992849330123798,0.996415085992772,0.994476678148856,0.997129602325286,0.993576051699489,0.992238647197917,0.996623485683533,0.975785500468977,0.997519466141227,0.987203299932859,0.979006883699932,0.99408822114264,0.988318347700997,0.994604975991989,0.975010701073484,0.986988224994042,0.996918789228266,0.99197647881943,0.997676306422473,0.997547023438444,0.990329604188911,0.997058529234971,0.992546939676196,0,0.996095336561628,0.991115077500911,0.993065516827527,0.997996424934948,0.997875172519618,0.995433822541286,0.986446934236161,0.99745594017016,0.988253305017767,0.996779640294305,0.982689166331805,0.989943062297705,0.995251933526197,0.995703585034429,0.982565164545357,0.993010687074783,0.990725151161235,0.996904490082502,0.995817072972592,0.995095554341083,0.988973100066023,0.995872245172463,0.997426212691868,0.994121893080194,0.993600572647069,0.987298665993632,0.994485761539254,0.992091126480368,0.995845600303099,0.995513810109227,0.992771906271764,0.977279820266809,0.995883461824153,0.992570667799284,0.991018200849163,0.997399654672829,0.995553914738863,0.960366885977128,0.997171607410565,0.998135735738499,0.997622047270368,0.99264157056434,0.981786259949721,0.996789656182767,0.995314956679672,0.997715577728514
"MAML2",0.990780676939804,0.978690061484443,0.996166418731311,0.983485894385499,0.998889621540408,0.998716111999295,0.99683143262724,0.993110358520087,0.993150685034469,0.993828421340243,0.987398633793188,0.991714306306316,0.986949929596649,0.925433677388771,0.975764029409342,0.971459924199875,0.994502574732659,0.986834410348694,0.986195338863071,0.985892555591302,0.9923435843851,0.994259147869571,0.981205183185696,0.984226050997966,0.998290731344969,0.991823177768604,0.984099074857604,0.992714562922697,0.992053358146228,0.98580748449815,0.992518859654913,0.994267457308918,0.990454555919673,0.996268949605023,0.989544985574701,0.987272881208456,0.994373726760953,0.969859288949433,0.996177299177996,0.981149824959151,0.970676590522729,0.990470374898552,0.981876724460281,0.991213924202667,0.967270329375118,0.986702592065737,0.996738025873988,0.987492817722971,0.997399865655687,0.995957429369586,0.99318420870261,0.995447848771371,0.990378957138677,0.996095336561628,0,0.997277364339651,0.998105990615234,0.997269721077963,0.997155777322738,0.998452714269785,0.985221146795648,0.996490289613287,0.982414966895101,0.99685836643805,0.979668169091367,0.990189051233039,0.995198112042063,0.992554405386682,0.976488852061974,0.989749530615233,0.984874066462521,0.994773903589082,0.99373701681501,0.993626540646965,0.983319087393738,0.992962712466497,0.997632777897181,0.991265428164234,0.98934184833409,0.982456152211502,0.990421913906383,0.99097223490294,0.994768098614384,0.998330319824901,0.990465401053943,0.970671279347162,0.995445579973105,0.990295970679405,0.98981229353601,0.998664290778388,0.995143929973723,0.951222200260077,0.996102614896818,0.997277489425533,0.995731856112639,0.990176350241269,0.974967465588292,0.995166332337484,0.997475989882608,0.997574308431861
"MAP2K3",0.985000023480087,0.971302261011075,0.991589754341343,0.975864245028855,0.99682141005043,0.995826752145157,0.993944202483098,0.988060841603312,0.988389310272112,0.988236624485754,0.980382822728193,0.985730067354984,0.980082251808358,0.917780600135979,0.969371834180398,0.964786852063165,0.99015482750016,0.98080475261054,0.979596456507274,0.979309040418162,0.987216150852644,0.989872279925066,0.976108689339366,0.98229026134909,0.997467794345466,0.986288440759292,0.976947567557112,0.987298543522582,0.987933347907166,0.982399600795384,0.988534767348427,0.989341939126901,0.984263308618032,0.992261254009281,0.983488698052735,0.980455484011814,0.989342900569484,0.963511243414284,0.991205585232892,0.973509728383133,0.96137109787003,0.984505722685127,0.973507827337463,0.985340306647857,0.95937208446715,0.983293179283403,0.993023158830082,0.980735033624646,0.993356013554716,0.991307830511559,0.992605021294548,0.991090723810422,0.985584963105924,0.991115077500911,0.997277364339651,0,0.998895397464878,0.992962078170835,0.9927236571297,0.997283066775614,0.980662144443795,0.991972303744732,0.975887480752817,0.993353454752915,0.975297631982302,0.987686933215071,0.992016404812991,0.986506020001628,0.968979427905467,0.983967875572774,0.977236330475509,0.989191719268255,0.988801482941715,0.990007094116158,0.975670505546737,0.987816038554824,0.994252388263944,0.986727083629829,0.983407201992519,0.976008699039512,0.983612440265921,0.98679088431476,0.990344552351426,0.996584866104118,0.98575809888594,0.962227717913517,0.991879544937029,0.985731081775856,0.9853110714339,0.995938769207111,0.991509088474609,0.942169204527759,0.991418603308752,0.992977372934117,0.990681073321967,0.985275150697562,0.967531467129152,0.990520958756437,0.994969216093025,0.994064077919121
"MAP2K6",0.988358979800082,0.975092353983436,0.993766950076649,0.978868759101574,0.998163721412798,0.997374893661622,0.995944035251547,0.989191256635118,0.991294605274691,0.989962367564978,0.983014845190714,0.987939562117169,0.98257775315681,0.923746280149245,0.973572055959089,0.968894501280462,0.992681958940399,0.984415681594512,0.981923774850593,0.981187083492237,0.987742192625551,0.991792700415558,0.97958619206873,0.985076074985997,0.997680455500899,0.98955385872773,0.979492033805751,0.990214873003616,0.991670359726875,0.984977710380332,0.991208936185212,0.992211061143585,0.987938007652249,0.994959197152463,0.987514730495251,0.983387577332587,0.991644787558571,0.96864295653699,0.993399542264895,0.9766292163849,0.967239858705843,0.988321184381711,0.978162484789649,0.98743930973365,0.962262337944983,0.984436982604067,0.995739894677568,0.98427732409144,0.995479887465963,0.993584333514438,0.992628264226983,0.993544149200651,0.989047269919482,0.993065516827527,0.998105990615234,0.998895397464878,0,0.995057285576241,0.99477334933263,0.998506887627012,0.985132845414537,0.994714906526319,0.980626536278908,0.995526018524612,0.978832206807961,0.99075558860911,0.99391776894586,0.989845686881725,0.971972859980037,0.985760476481867,0.978998414253258,0.991097633354657,0.990032539894901,0.991885614786235,0.978844403587602,0.989458858090676,0.996233477230064,0.988372276275292,0.98544156918258,0.978723398721722,0.986422271138729,0.989746395183419,0.991943520100097,0.998020210713787,0.989372996380901,0.966261669387888,0.994192145602108,0.987711659627473,0.987345387605717,0.997058358885198,0.99362024743656,0.946652240264689,0.993757413927672,0.995063638964438,0.992318082495019,0.987392999350514,0.973413654918872,0.991795598512495,0.996376519307891,0.995668866869554
"MAP4K3",0.994549002484214,0.985297146131439,0.998421023165963,0.990524692752869,0.997891874009583,0.998500379893057,0.997745329331536,0.995723503937876,0.99596019314696,0.997080526374808,0.992979524875137,0.995858229283526,0.992287714053892,0.934412049534461,0.981843530154726,0.976953402590456,0.996125923977332,0.992557105009339,0.99124953938092,0.991349054835553,0.994857160038984,0.996179351228061,0.984237064562541,0.985294483647958,0.995765225386273,0.99529332514374,0.98987930798643,0.996696458294097,0.993333064073782,0.987660974846704,0.993847094857828,0.997454144036791,0.995510522021381,0.998323778053922,0.994472551311508,0.992776162611744,0.997326144506417,0.976573372198826,0.998141310368953,0.987859986809927,0.980110032036547,0.994912030226749,0.98913509914741,0.995300562172426,0.9752920967224,0.988663086482811,0.998008559001521,0.992763302671009,0.998555010264433,0.99827900521706,0.992022552698119,0.997852662955178,0.993382469969447,0.997996424934948,0.997269721077963,0.992962078170835,0.995057285576241,0,0.998950370179054,0.997058708774178,0.987457461846216,0.998458014217846,0.989106351074227,0.997965464866234,0.984563748782601,0.991348805712286,0.996525892542445,0.996624140713294,0.983200962398131,0.993623409949933,0.990645370832694,0.997377262570925,0.996451983895282,0.995582706653155,0.989376383410686,0.996299056375071,0.998347850749914,0.994270621626754,0.9938572411126,0.988057645431369,0.995322134554562,0.99309697890058,0.996249632497704,0.996855508057802,0.994184522659617,0.978173124657153,0.997302081114576,0.993334038284552,0.992147809691622,0.998517868644212,0.996202488830996,0.961075238184229,0.998028910192404,0.998998861486697,0.998177166371868,0.994051100631604,0.98300822283257,0.997527683995782,0.996250563201475,0.998484461640709
"MAP4K5",0.994649796522643,0.98578213519305,0.998471649876237,0.991503943449066,0.997732970595929,0.998367571108239,0.997730181935066,0.995994454229437,0.995644403949547,0.99734722314536,0.993314118409786,0.996155325262342,0.992476552929185,0.934649804986997,0.981916586862498,0.977053261420723,0.99598488747486,0.992597505153956,0.991650821636055,0.992110596324759,0.995225942147853,0.996119415397316,0.984830628222435,0.985326121474593,0.995544863833433,0.995270536653678,0.990257362751049,0.996625354062645,0.99287123866341,0.987409418655009,0.993652540022205,0.997598642411531,0.995667041125968,0.998353703469628,0.994678567409386,0.99326420176506,0.997268901310707,0.976523449933288,0.99804467357021,0.987811931887727,0.980674547125574,0.994845663546159,0.989593024710626,0.995678264717599,0.976228265742044,0.988781675915849,0.997759902395123,0.992848637593711,0.998470524813313,0.998400243758127,0.992031282964945,0.997731280815921,0.993015232852695,0.997875172519618,0.997155777322738,0.9927236571297,0.99477334933263,0.998950370179054,0,0.996965521600101,0.986997246501683,0.998352772830148,0.989076008584065,0.997810751433884,0.98457801105675,0.990765176901509,0.996698250704005,0.996702948568349,0.983969683006237,0.994104824259762,0.99120199053081,0.997471115852934,0.996489014012868,0.995543111866829,0.989934524749421,0.996538220888752,0.998083597493745,0.994434009271595,0.99435424788519,0.987984320811594,0.995619393746861,0.993009680691635,0.996305182621738,0.996592770524418,0.994030152317099,0.978969645369744,0.997436387759889,0.993377916883784,0.992219083483506,0.998468001467334,0.996088124232381,0.9624148979795,0.997894141353819,0.998935072411622,0.998357463528987,0.994232887696885,0.983021977739023,0.99772840722372,0.996148959426128,0.998496420106978
"MAP7D1",0.992233401759949,0.980718718248964,0.99640147582995,0.984485538805708,0.998969376231239,0.998458799288109,0.997731353566442,0.992421200467942,0.994276742093016,0.993065039823559,0.986860937931735,0.991348354878301,0.986450421304148,0.93224499908138,0.979185690278751,0.974567262768709,0.994861097516473,0.988980872520282,0.986837518655546,0.985567165881034,0.990954333488822,0.994395684673927,0.984297134171077,0.988033823654957,0.997275619403133,0.992605987209049,0.984167518215469,0.993686199807118,0.993736833023489,0.987362749565231,0.993693778583195,0.994990818191806,0.991878329937943,0.997233221414108,0.991580886695634,0.988144664501066,0.994662319503007,0.974577036546645,0.995491106749413,0.981498924588833,0.974259907144307,0.992211941633932,0.983759915358627,0.990786863319522,0.969446037977652,0.987274637283754,0.997764921459777,0.988832388145363,0.997155492744631,0.995971385439615,0.993130355808507,0.995787800651484,0.991815634239068,0.995433822541286,0.998452714269785,0.997283066775614,0.998506887627012,0.997058708774178,0.996965521600101,0,0.98795800169489,0.996926554904975,0.985790948388577,0.996834843967538,0.982494308909709,0.992583760365939,0.996191469780947,0.993343289349504,0.977861766619403,0.989144947699523,0.98434024064074,0.994032190869939,0.992911383308736,0.994821872505356,0.983640313971565,0.992822613264048,0.997907960284464,0.991176489434118,0.990248075028087,0.982429807863958,0.990783479735806,0.991013045301176,0.994246858559428,0.998305212913524,0.992357426435764,0.97368458060741,0.996834373768399,0.990651324762937,0.989667374321211,0.998104104151589,0.995519786069729,0.955185364660073,0.996041839153577,0.997152727938701,0.995080704382905,0.990835756760865,0.97863890609983,0.994409359759941,0.99637037726503,0.997229967340198
"MAPK1",0.987798692770254,0.979758244732352,0.98901039052861,0.975363917940254,0.987472206418381,0.987416671983343,0.988396093063049,0.980407758063394,0.992246259189341,0.981705884660654,0.979740362121184,0.982965780910949,0.97928839246639,0.953117158841034,0.987062102196789,0.983362034698036,0.9911780798289,0.987616272112746,0.981605113304995,0.97417156054387,0.977106741480452,0.986105886610095,0.984592393151262,0.985072808401212,0.983021797173003,0.989630317485783,0.970985163189522,0.988058349049123,0.998102815939165,0.979643223142308,0.992171301766965,0.98751101441426,0.987548597493206,0.990332454332346,0.989988982627534,0.983267200694409,0.987525909999471,0.981494063458999,0.987245243133131,0.979362907158925,0.976399128584861,0.990337825971765,0.981806790652729,0.980645304513463,0.961347099240657,0.977699649482419,0.990926254475078,0.984024565010838,0.988646656844474,0.987387294338107,0.977406292479228,0.987559202933247,0.98994386370561,0.986446934236161,0.985221146795648,0.980662144443795,0.985132845414537,0.987457461846216,0.986997246501683,0.98795800169489,0,0.988331352084086,0.987640894873401,0.988162787296524,0.980791577893618,0.991136354961063,0.987477551874393,0.986817689248865,0.972122448969862,0.977684544623743,0.976639710147581,0.985262814528184,0.981497005838189,0.987316646293741,0.976771003209384,0.983213604637683,0.990062299018063,0.980904076352648,0.982470262807689,0.978324406090009,0.983506649961107,0.985602657766379,0.986172483083087,0.986817465671826,0.990117995236391,0.979680794622882,0.98932681761437,0.982806787687053,0.981479235239924,0.985103907891991,0.989217753787361,0.956018697403253,0.988324068255802,0.988716514798203,0.985080731997347,0.98125116905087,0.980451426074949,0.982555279261525,0.985516263212559,0.986244328202802
"MEIS1",0.995307610430153,0.985966358356299,0.997766345202074,0.990374093267837,0.997505408835982,0.99805226552286,0.997683967344056,0.994723763497228,0.995393761615452,0.996367625704033,0.992074927598315,0.995017886836178,0.991187181759112,0.936025667461122,0.982111187788499,0.976880755201651,0.995772069853092,0.992746466258862,0.990443749445007,0.990590809365926,0.993568786270193,0.99515331862695,0.983718941709963,0.984962340301159,0.994229466837247,0.994390257282138,0.990609888266361,0.997188485192279,0.993917749378286,0.990147256411362,0.993717594520662,0.997648821356954,0.996014988842947,0.998316131780687,0.995193702001963,0.991413365575754,0.996775621764201,0.978353362144538,0.997652871251727,0.98623583269179,0.982617375997042,0.996202669433214,0.990634916275732,0.994380669734085,0.977359621868608,0.988049953858284,0.998365248886911,0.993421198414664,0.998188523067797,0.998058052120906,0.991282943021393,0.998075751991323,0.994259884832383,0.99745594017016,0.996490289613287,0.991972303744732,0.994714906526319,0.998458014217846,0.998352772830148,0.996926554904975,0.988331352084086,0,0.990684307360356,0.997678564787542,0.984449232842001,0.99195475073239,0.996305319529159,0.997769457003194,0.984760610120785,0.992717927396526,0.989181859014496,0.996492062297886,0.995695744116769,0.995934476997906,0.990010732044661,0.995196128971949,0.997832092055295,0.993887415412738,0.993628490885326,0.986818948283834,0.995561408046716,0.992928542138334,0.995570087638385,0.996608675501943,0.994024546446262,0.978817332258761,0.997258638299118,0.993222324298141,0.991428899029377,0.997739736210962,0.996325838173299,0.962168629042186,0.997733901687822,0.998451116850814,0.997367227797601,0.994377885131862,0.984737812925355,0.99638155491374,0.995385367692504,0.998088388463736
"MIDN",0.992400903233619,0.987866885088138,0.990327220848057,0.988436321336293,0.98524574763,0.986326600747347,0.988885600119969,0.984927822862979,0.99213482295709,0.987174350362732,0.988348492404209,0.989861341033879,0.98789652548289,0.955677848943836,0.989839821884966,0.983886580108101,0.989393439347782,0.994698341520578,0.987121385599989,0.985866471342676,0.983022961602162,0.987156092728285,0.985424755523727,0.982825815329989,0.979324124868609,0.990685910246485,0.983603807660956,0.992212281920712,0.989224071740305,0.981596217598152,0.988749845354926,0.991682097458581,0.994209942876319,0.991695856221713,0.994684660562972,0.990179828148664,0.990791577742454,0.989571063672482,0.988488571924092,0.987467349767617,0.991297873125137,0.995496495836061,0.993255760868928,0.988080370476219,0.97902019882562,0.980512296434071,0.990824369987216,0.991079419243564,0.988579772019405,0.989943916847886,0.97752095194901,0.989685896688557,0.990479380846932,0.988253305017767,0.982414966895101,0.975887480752817,0.980626536278908,0.989106351074227,0.989076008584065,0.985790948388577,0.987640894873401,0.990684307360356,0,0.988075845449711,0.98584944584573,0.989151811473585,0.989256649214453,0.992337234039781,0.983383219148028,0.985914502790896,0.985523394007125,0.98804360245471,0.985832351466747,0.991107944956708,0.988257045134747,0.989040623369288,0.988921730681851,0.986820236189667,0.99058905028419,0.983214439247333,0.991034807808029,0.985275716480735,0.987226908680918,0.983703627636507,0.99280772467955,0.98533676572395,0.991650595956714,0.986720461942511,0.984447517786157,0.985348387250515,0.987955407443585,0.974972710152898,0.989422528440753,0.989829171102349,0.988107098977614,0.988246113098272,0.992239790929533,0.986348095055302,0.982228316928981,0.987707252345015
"NCL",0.993333616044995,0.983348621581976,0.997395518871067,0.987762903910213,0.997442429635835,0.997913234834276,0.997165491862489,0.993533169692943,0.994944795049748,0.995121581111148,0.990747174319093,0.993985318949029,0.990005928357492,0.933011118602913,0.980487731597,0.975452016626931,0.995565485230261,0.991296150959833,0.989156400513788,0.988818885516091,0.99261651347268,0.99511948125744,0.98338878790954,0.985153614338399,0.995391998395123,0.994387773755542,0.987499349769392,0.995677633907611,0.993760977072555,0.987650505018882,0.993443309020852,0.996356381614203,0.994124945745853,0.997513244804171,0.993418065567929,0.990380032402094,0.996050919910399,0.976083035568934,0.997156019178897,0.985423759127545,0.978021079753043,0.99379155850521,0.987241378454296,0.993207748361662,0.972210421775327,0.98702443406596,0.997517544038911,0.991291377790611,0.997994342119839,0.997367024902863,0.991193342515271,0.997130211266203,0.993187830433156,0.996779640294305,0.99685836643805,0.993353454752915,0.995526018524612,0.997965464866234,0.997810751433884,0.996834843967538,0.988162787296524,0.997678564787542,0.988075845449711,0,0.98353901808264,0.991485108266466,0.995848140272819,0.99556282306002,0.980571044094247,0.991479466904903,0.987501321774577,0.995768695121972,0.994591276191967,0.994372174690765,0.987557782111385,0.994376624042873,0.997590056946645,0.992455503094712,0.991801900085463,0.986262639201353,0.993362130378405,0.993027587870703,0.995179537257937,0.996664092625569,0.993330268375866,0.975747539474069,0.996673456244616,0.991888730285399,0.990969458704314,0.997654001803271,0.995858338801643,0.958415111149101,0.997100819057321,0.998083600226203,0.996577508185002,0.992218528918377,0.982020455892615,0.995664086184423,0.996199199487467,0.997579068767949
"NIT1",0.984909490844784,0.981620787948473,0.986621226426382,0.982339801095933,0.981587863538037,0.982346423696267,0.984753849826396,0.980163638449924,0.987127622310177,0.98265919944726,0.98419947025664,0.985684315780871,0.984027286874243,0.948887616921414,0.982496964846323,0.97903665841109,0.984860641950487,0.987678475434205,0.983088274526844,0.981169581319498,0.978824238663371,0.982482098927523,0.981537259979575,0.980167688191212,0.97765259189033,0.986685945615039,0.975223505166995,0.985303550644948,0.983009423544402,0.973114560540564,0.983945990162498,0.986682424155699,0.988031192653535,0.987125158314323,0.988321212846955,0.986647098040379,0.98557426117233,0.980362929295878,0.984816889442529,0.984036289706516,0.982100621797122,0.987531693176781,0.986154160948239,0.983918151327064,0.967397460379263,0.980024461457912,0.984873473440886,0.984886314362458,0.984451845556604,0.985237648689359,0.974600175814422,0.983395766076972,0.984666684953886,0.982689166331805,0.979668169091367,0.975297631982302,0.978832206807961,0.984563748782601,0.98457801105675,0.982494308909709,0.980791577893618,0.984449232842001,0.98584944584573,0.98353901808264,0,0.982931493786844,0.986837306469045,0.98521025035866,0.975623640465502,0.98141037813556,0.981529500927806,0.984066588781515,0.981518012810833,0.98535277270059,0.981574170289514,0.985260548951907,0.984619042251469,0.982497500785044,0.986058075992594,0.980394663306216,0.98503354441924,0.980131639150517,0.982413809110279,0.979712453676278,0.988006510777375,0.978661796058586,0.989026150478432,0.981865137308684,0.980372590074619,0.981735734611263,0.983151682734071,0.965725314827799,0.984290506353579,0.985308688884578,0.984245934440613,0.981098518484897,0.982701267013042,0.982608131220187,0.978765277087051,0.983510550570502
"OSR2",0.989959259725184,0.977092821139617,0.991113252904481,0.978529983697516,0.991730501689551,0.991526184068458,0.991944321994146,0.983039952450462,0.993388387563317,0.984892874064792,0.982443864563174,0.98621121232807,0.982562439879845,0.947640685561143,0.986578585029548,0.981937326278246,0.993547942996104,0.988843131713006,0.980549298908494,0.978441905115992,0.980847694979577,0.988373807362772,0.983320745936887,0.985725343324178,0.98868039694658,0.990721132351047,0.977370843313778,0.990281576275853,0.993994756619389,0.981711145091805,0.993843258868601,0.990700004915433,0.990021212241854,0.993274125792372,0.99149592911322,0.984380781564464,0.99044078929982,0.981867343632467,0.989536948649437,0.980029001038029,0.977953882038843,0.992116624831544,0.984115377891261,0.984460802037826,0.964443391924516,0.980753180728694,0.993885411966143,0.986902604714585,0.991843278401916,0.990727297514047,0.984942388561336,0.991050653902072,0.990818461988106,0.989943062297705,0.990189051233039,0.987686933215071,0.99075558860911,0.991348805712286,0.990765176901509,0.992583760365939,0.991136354961063,0.99195475073239,0.989151811473585,0.991485108266466,0.982931493786844,0,0.990793587787106,0.989373759195818,0.972246125149427,0.981763739336359,0.976253136901805,0.98674410345283,0.984031930823656,0.99122856439613,0.980161090053335,0.986869749137012,0.993284979863537,0.985411101346727,0.984984042503563,0.978800667645269,0.98626419973623,0.98781939020702,0.988024071013321,0.991658617939928,0.992133744406244,0.975381446833672,0.992491064339275,0.984509143349295,0.984920911342289,0.990209646923827,0.99149753096314,0.956039413092887,0.991809025494921,0.991767502269716,0.9872130740136,0.984050163833457,0.983732808354447,0.985614049842462,0.989875640997279,0.990601342669332
"PLK4",0.993222970330207,0.985692199251472,0.996869838443674,0.989168611159852,0.996032427400872,0.996337686660708,0.996182033380278,0.993045736866985,0.995078712892659,0.994588791731987,0.991519670456535,0.994480897227771,0.991045715787956,0.940428895158633,0.98363400903495,0.979391939606715,0.994899047080057,0.992260915874265,0.990101429752083,0.989548003904472,0.992346101334986,0.99385004442495,0.986376171551048,0.987250513012422,0.993818127206673,0.994007141308737,0.986515593274555,0.994974513620128,0.992331213783662,0.985926011841902,0.993497711921895,0.995787624024662,0.994352944181056,0.996800112937089,0.993538437516608,0.991910889928472,0.99555369007902,0.979090170798285,0.995737096410367,0.986853167537796,0.980857098419046,0.993975670498137,0.98874957815969,0.993330380021585,0.974962300715196,0.988135922526932,0.996393505598265,0.991404606974267,0.996509399720818,0.996241218382029,0.990691271618861,0.995327396137196,0.992332432845476,0.995251933526197,0.995198112042063,0.992016404812991,0.99391776894586,0.996525892542445,0.996698250704005,0.996191469780947,0.987477551874393,0.996305319529159,0.989256649214453,0.995848140272819,0.986837306469045,0.990793587787106,0,0.994379845302189,0.982438336712294,0.991532469917248,0.989442318943155,0.995399531352307,0.994076262510212,0.994766938666961,0.988182923733994,0.994617507932377,0.996517467733315,0.992567732946412,0.993301694556946,0.986329396711478,0.993671340065297,0.991186624322561,0.994985981975777,0.994586809789061,0.99356213382477,0.980110723395841,0.99763465964643,0.991893136817826,0.990654715334583,0.996190444435276,0.994537648745766,0.963813183853001,0.995648569313459,0.997043644773217,0.996098068976875,0.992343551487964,0.982891583952279,0.995148574253318,0.994032425455298,0.996556073084732
"POU3F2",0.995867356540826,0.988717414446771,0.996459192561891,0.993198998924509,0.994044280107102,0.995052085170384,0.995584357898732,0.994136309626324,0.993746971648229,0.996074964758335,0.993317039108958,0.99535010347385,0.992105720671861,0.940155677754982,0.983368971737789,0.977722085121852,0.993800944163487,0.993800353537964,0.991934718547983,0.992807205345971,0.993148790669563,0.993852655596525,0.983679656185709,0.98281339259346,0.989354807523806,0.993702365569499,0.992523654130145,0.997084761662193,0.991693490681369,0.990428916257339,0.991555161610705,0.996998405024722,0.996572891632767,0.996714924833942,0.995689599808313,0.992580565870988,0.995767784840583,0.9800580844099,0.996138873237093,0.988080554505447,0.986615667823866,0.996222926507013,0.993166440204235,0.994440408510011,0.982156211995086,0.986577389912104,0.996088319049709,0.993924743091903,0.99608772589967,0.996782365867861,0.987615217745389,0.996646243117537,0.994038310800799,0.995703585034429,0.992554405386682,0.986506020001628,0.989845686881725,0.996624140713294,0.996702948568349,0.993343289349504,0.986817689248865,0.997769457003194,0.992337234039781,0.99556282306002,0.98521025035866,0.989373759195818,0.994379845302189,0,0.988082216554982,0.993149057123856,0.991310374491049,0.995663396566652,0.995328216801595,0.994769646922334,0.991973905822984,0.994672705303085,0.995023036289143,0.993509713686742,0.994679748942746,0.987240886117742,0.996575309676884,0.99081852364957,0.993848828330515,0.992713942476061,0.992979943622771,0.982325272699228,0.995857487957352,0.992819020154336,0.989912490790587,0.994717498022556,0.994004549746424,0.968812871265953,0.99594878177243,0.996616516077033,0.996476679474981,0.994797481211434,0.987116652111577,0.995480101839243,0.991323256877126,0.995791438890771
"PRDM1",0.987067155299101,0.985548716867568,0.984384416484225,0.991274385907681,0.977910269595003,0.979676948428884,0.981275225896307,0.987103812338773,0.978129472493346,0.987990877383288,0.986577905306731,0.98719917069799,0.984345039471589,0.93567318232345,0.973456628963164,0.966006794837979,0.978723166204441,0.985029711834001,0.985955141826889,0.989926725292283,0.987121168943329,0.983440534329087,0.971483922064525,0.968584974747411,0.970547141492932,0.977296111743573,0.989640912779226,0.988335326143846,0.975676436344869,0.983736229129152,0.976451489472926,0.985901153727454,0.987400671014,0.982625283228542,0.983027639923653,0.984026399835002,0.982861826793123,0.971864060507186,0.982982916987399,0.980605630013462,0.983013239556475,0.984631127636964,0.98697143779495,0.987093157238797,0.990352440388751,0.974700933713297,0.98003870802368,0.983645022925781,0.98136353113849,0.98455303052938,0.977376907170226,0.983986589800839,0.980014532160345,0.982565164545357,0.976488852061974,0.968979427905467,0.971972859980037,0.983200962398131,0.983969683006237,0.977861766619403,0.972122448969862,0.984760610120785,0.983383219148028,0.980571044094247,0.975623640465502,0.972246125149427,0.982438336712294,0.988082216554982,0,0.98784701838125,0.989236092792625,0.984672586011319,0.987402488563445,0.984064291649868,0.988052391418934,0.98665428797665,0.978680633839411,0.987282307393665,0.989722558021,0.977457547514269,0.988979275939161,0.975719363122947,0.982998094754213,0.974859351906348,0.978957130996967,0.978362990415722,0.98376386692718,0.981842410122883,0.976149243684116,0.980551114342644,0.980592872697789,0.976375531730934,0.981903396205152,0.982604425997617,0.986250609348219,0.989909823388666,0.977032509896242,0.986182253888973,0.973615939796826,0.981930983393569
"PRTG",0.993065020783618,0.987266411062085,0.993559818112147,0.994450499167395,0.990141460135836,0.991701471241952,0.991196472781508,0.995583593589561,0.988729987123102,0.995848366397334,0.994853475415489,0.996103562194402,0.99373372273229,0.932012655256713,0.978171306554857,0.972052134499327,0.989073618245639,0.989514121605541,0.990510627698259,0.99618146592604,0.995018592043133,0.993067354542163,0.98002846181169,0.977532145097288,0.987000486686576,0.988169143780891,0.991882696292293,0.9939276413502,0.983606641638449,0.984724428621418,0.986087865248078,0.993902530354714,0.993051471336453,0.992179987124703,0.989371015920147,0.991972272670789,0.993390835152471,0.973033855132711,0.993132025576556,0.987351852839516,0.98185512224417,0.990442082349399,0.989642497292217,0.998817979947731,0.984323176266809,0.986058351292284,0.990117488231656,0.989947958353877,0.992052700030811,0.99379740233271,0.98840601512706,0.992315657949862,0.986603303646791,0.993010687074783,0.989749530615233,0.983967875572774,0.985760476481867,0.993623409949933,0.994104824259762,0.989144947699523,0.977684544623743,0.992717927396526,0.985914502790896,0.991479466904903,0.98141037813556,0.981763739336359,0.991532469917248,0.993149057123856,0.98784701838125,0,0.994368471900917,0.994423612030812,0.994698111768021,0.991176476594657,0.993052785288523,0.994635656260319,0.990485182646761,0.993627813237677,0.994892078536339,0.984442430447093,0.994419391403797,0.985528065881699,0.992941657260873,0.987885617223966,0.988424872862646,0.979939007410693,0.992345269450058,0.989125077423551,0.98695138568747,0.993422842702679,0.990100819748296,0.972263171197821,0.992287160269804,0.993534663981526,0.995617361529397,0.993420602304917,0.979952935722505,0.99551446580791,0.988212398172954,0.993544256676082
"PTPN1",0.990537279864664,0.989836416697856,0.99199633484602,0.994634820204519,0.985617665675962,0.987484546642123,0.987780345080385,0.994479471794186,0.988026748547384,0.99476185335852,0.994557680311945,0.9952098009446,0.993441319649087,0.938235399137192,0.979876542113232,0.975203266427035,0.986735862322074,0.990365946509281,0.993551577219736,0.99464859562625,0.995059302684738,0.99090759330312,0.980885144628027,0.975819435555712,0.982311029577349,0.98793264792565,0.988908670353254,0.99186522933993,0.981123848195634,0.979974113670085,0.983962189233814,0.990798669021584,0.991330005796427,0.989386220593038,0.988853431635721,0.993689595457034,0.991807173889732,0.974557192356309,0.991379574569937,0.990270457244193,0.98233240980702,0.989372075758452,0.98920301892021,0.994797468228136,0.985212624644719,0.984433639693962,0.986849864823036,0.989810454820119,0.988980665144569,0.991149111619016,0.981652606497679,0.989241927257912,0.984938959104345,0.990725151161235,0.984874066462521,0.977236330475509,0.978998414253258,0.990645370832694,0.99120199053081,0.98434024064074,0.976639710147581,0.989181859014496,0.985523394007125,0.987501321774577,0.981529500927806,0.976253136901805,0.989442318943155,0.991310374491049,0.989236092792625,0.994368471900917,0,0.994719500677435,0.99447634829441,0.989319860414846,0.990815793748935,0.994061509449511,0.987695355873791,0.99104376519942,0.995691122554148,0.986089060562057,0.994342511415581,0.982576481916111,0.991709667344572,0.982574727610573,0.986382966467007,0.985198550844561,0.990446307744147,0.989421296602372,0.98532001783006,0.988636876533552,0.986649115551945,0.974643427385467,0.989635878129904,0.991101193242416,0.995101688953859,0.991990221186215,0.978873178782316,0.994597775209288,0.983049463184262,0.990178978544601
"PTPN9",0.994003925564735,0.987689662277635,0.9976746737721,0.991276062120298,0.995274751203017,0.996412942692966,0.995619589689375,0.996361483642311,0.994938673372189,0.997376522317807,0.99450020723918,0.996642647115815,0.993804608481882,0.935625766890316,0.981712867932117,0.977527685657953,0.994479673841482,0.992594325248477,0.993515636074246,0.992698274939108,0.996366369928975,0.99517088914403,0.983860280654819,0.983093294389554,0.993402954543027,0.994561368323372,0.988800490531514,0.995877563604616,0.990729553393595,0.98578196505209,0.992037535840301,0.996247822890897,0.994817113339294,0.996469330043396,0.993518316411316,0.993800939764362,0.996949461529121,0.976396269728013,0.997683043220487,0.989300597702074,0.980698920188315,0.994121174161786,0.989623630574278,0.995902531084051,0.977733373640537,0.988626862010229,0.995629312340644,0.992966565620289,0.996905187315383,0.997113913370813,0.989624449075281,0.996018609137733,0.992058007573004,0.996904490082502,0.994773903589082,0.989191719268255,0.991097633354657,0.997377262570925,0.997471115852934,0.994032190869939,0.985262814528184,0.996492062297886,0.98804360245471,0.995768695121972,0.984066588781515,0.98674410345283,0.995399531352307,0.995663396566652,0.984672586011319,0.994423612030812,0.994719500677435,0,0.997356494833412,0.994418883373344,0.990226455054488,0.996507163403295,0.996435760799901,0.993681324278271,0.995367102354619,0.989145733720645,0.996342189658068,0.991141888707002,0.996457023093324,0.993623638203581,0.992309088525564,0.981354717581143,0.996037343452686,0.994139702979145,0.991349611455803,0.996550978863139,0.994680772775372,0.964147854823924,0.996623499725756,0.997889843208947,0.998877439287305,0.994062363602625,0.981664863555557,0.997979186662061,0.993647284067986,0.997378534272077
"PTPN12",0.992407317504911,0.98598944847153,0.996476390274201,0.991725247957157,0.994188525661848,0.995363302456577,0.994399998787173,0.997272645687584,0.992012209999918,0.997954192369217,0.993546384354986,0.995644747287437,0.992393687341448,0.930143944182515,0.977898610886503,0.972544871918409,0.992460629892877,0.990108400630914,0.993458360965352,0.993619609156223,0.997561048200993,0.994973213092975,0.979231309102764,0.979632066044995,0.991765479836632,0.991562912387782,0.992533201372257,0.995524214989993,0.9877142258642,0.987035124815174,0.989358715981064,0.994991123591976,0.993012900388915,0.994637563666295,0.99100145679971,0.991499564306949,0.995409921980241,0.972654682380509,0.996541735625904,0.987849273002309,0.97818164661749,0.992055151350395,0.987714959938536,0.995293332559839,0.980397724392571,0.987826361517541,0.993976661069178,0.990679011875363,0.995684988154466,0.996281356434347,0.990449633990823,0.995557152142212,0.989863731337757,0.995817072972592,0.99373701681501,0.988801482941715,0.990032539894901,0.996451983895282,0.996489014012868,0.992911383308736,0.981497005838189,0.995695744116769,0.985832351466747,0.994591276191967,0.981518012810833,0.984031930823656,0.994076262510212,0.995328216801595,0.987402488563445,0.994698111768021,0.99447634829441,0.997356494833412,0,0.993321527991199,0.99026380457534,0.996071214112713,0.994573162436651,0.993571129932082,0.99502485830719,0.988857671037639,0.995138360462385,0.988624959845972,0.995443556343625,0.992355938996088,0.989510152498824,0.978161679751664,0.99442899046624,0.993230033631422,0.989512051554822,0.995990473888537,0.993199755778619,0.962902661123651,0.995049892017129,0.996462376670547,0.998395419200254,0.995243439426936,0.978475556979118,0.998047940173857,0.99230974838651,0.9961321285794
"PTPN13",0.993852716839905,0.986541263131372,0.995636898538523,0.989161851005491,0.994631014443642,0.995003863187414,0.995496828350272,0.993000611874186,0.99450842335828,0.993497141504834,0.990212608084153,0.993550352090642,0.989769109288622,0.940197418083756,0.984346429672861,0.978813315247189,0.993500108218635,0.992624078898258,0.989873892591147,0.989535111509358,0.992147655270307,0.993587493380245,0.985542864530801,0.985806433406497,0.991383649890649,0.992607774098445,0.98773497225179,0.994822819754505,0.991746076575891,0.987806580459752,0.991853435934273,0.995639474692897,0.994492905689051,0.996090385755779,0.993723260208359,0.991357781831236,0.995005254695757,0.98040391022344,0.994608719897953,0.986578749469266,0.982704238648945,0.994809080785575,0.989525903074241,0.992882717499668,0.97655251720329,0.987006794268834,0.99571595904814,0.992447810595219,0.995175242511735,0.995342096146759,0.988675678929968,0.99477487750021,0.992931194868863,0.995095554341083,0.993626540646965,0.990007094116158,0.991885614786235,0.995582706653155,0.995543111866829,0.994821872505356,0.987316646293741,0.995934476997906,0.991107944956708,0.994372174690765,0.98535277270059,0.99122856439613,0.994766938666961,0.994769646922334,0.984064291649868,0.991176476594657,0.989319860414846,0.994418883373344,0.993321527991199,0,0.988284315079254,0.994421321106179,0.99554268146814,0.994201993281103,0.99402044143563,0.985284469577913,0.993838432463121,0.989864452665426,0.993562402409605,0.993184888490127,0.992964130755925,0.979833996277444,0.996000798973281,0.991680644055363,0.989202797022363,0.994776253179097,0.993713421669849,0.965960072596631,0.994837913895225,0.995746157564304,0.994843296058476,0.99229689572784,0.98460537796668,0.994203478644008,0.991791241627295,0.995302733688365
"RHOXF2",0.991302474378333,0.986618254846414,0.989661171867809,0.992634740392427,0.984447078366333,0.986375910458687,0.987446107605302,0.98932149185749,0.985928271033827,0.991785269074744,0.991628694863294,0.992482895006925,0.990206452373874,0.939456755256937,0.979320885458878,0.97489661658538,0.986099425887066,0.989471536767047,0.988377658335472,0.993845896356366,0.990277422213003,0.987831662171986,0.976644106505753,0.97550585395813,0.97936538751736,0.985560330116769,0.990611035060586,0.991889012811238,0.981409723456587,0.98347289352221,0.983567031536236,0.990541247068523,0.991409242785049,0.988579716504181,0.989356035402256,0.989547964142197,0.989807289430519,0.977721918426435,0.989675029933816,0.985145871990497,0.988451504551365,0.990840975223892,0.993146985067301,0.993214547304843,0.983792554374016,0.981054721619129,0.986562965494086,0.989612352438504,0.988135440761011,0.990213737823967,0.981271929688788,0.989347812594735,0.986167230964964,0.988973100066023,0.983319087393738,0.975670505546737,0.978844403587602,0.989376383410686,0.989934524749421,0.983640313971565,0.976771003209384,0.990010732044661,0.988257045134747,0.987557782111385,0.981574170289514,0.980161090053335,0.988182923733994,0.991973905822984,0.988052391418934,0.993052785288523,0.990815793748935,0.990226455054488,0.99026380457534,0.988284315079254,0,0.990799281007021,0.986034610206295,0.990368521002903,0.993043878968495,0.983514358051313,0.99297956453764,0.982948700790554,0.988922632135034,0.982628321977222,0.986817658248736,0.980885933492711,0.98943979218366,0.986577737020575,0.982866324648313,0.98724749779198,0.986936336541103,0.972524230968864,0.988569198831533,0.98938002102714,0.991206422820706,0.990498124458463,0.983593843977068,0.990074168340702,0.982433770563506,0.988957275610081
"RREB1",0.993327082670662,0.986666338861838,0.996545529918882,0.992929479729317,0.993590186653915,0.994661248569174,0.994632116929938,0.995607783373106,0.993916377575751,0.996673613012472,0.993935273078562,0.996271824785483,0.99325209466154,0.937769586988243,0.982639148130211,0.977550711533739,0.993045989525427,0.992828569815296,0.992795215760927,0.993666198872043,0.995680724186487,0.994896858102834,0.984438086651413,0.982914588828365,0.99131241410307,0.993449155836428,0.990395694877038,0.995188871551733,0.9886179190229,0.983780780603279,0.99070251091454,0.995948502877122,0.994957426444548,0.995717658685059,0.993304969360095,0.994227849492619,0.995816163363177,0.97752789662918,0.995804635280293,0.990216089192824,0.981858606744309,0.993504637951882,0.990150309527604,0.995864471264866,0.979645004531213,0.987608198176701,0.9941877481481,0.991659180415198,0.995377087907464,0.99608299368509,0.98937751942719,0.994881368341626,0.990279318693833,0.995872245172463,0.992962712466497,0.987816038554824,0.989458858090676,0.996299056375071,0.996538220888752,0.992822613264048,0.983213604637683,0.995196128971949,0.989040623369288,0.994376624042873,0.985260548951907,0.986869749137012,0.994617507932377,0.994672705303085,0.98665428797665,0.994635656260319,0.994061509449511,0.996507163403295,0.996071214112713,0.994421321106179,0.990799281007021,0,0.99493913849019,0.99469812582526,0.99649098558891,0.988216157707574,0.995013361502521,0.989241302737314,0.995077150384662,0.991833181081167,0.99262006540809,0.980990191196355,0.995488437824762,0.992063055947095,0.990240228422642,0.995278796039663,0.992866684886052,0.967775911162391,0.995062563998839,0.99637698914248,0.997199345481372,0.993932794489183,0.982679772853747,0.996782579766373,0.99157352544648,0.995694244845551
"RUNX1T1",0.993508373825514,0.98340008680479,0.998132877815769,0.98616171105395,0.998499540225255,0.998665726632845,0.997875743037092,0.993394635738675,0.997737736840308,0.994807375460336,0.990275737380685,0.993847682726217,0.989842090126838,0.936893904841172,0.983315637308706,0.979205539578477,0.997200194277361,0.991905303161356,0.989897298134782,0.98733483074182,0.99235532234143,0.994937883000331,0.98547157846961,0.987185608340341,0.997015077401151,0.996204101986751,0.984926681643994,0.995387683988758,0.99531950235224,0.985536315677268,0.995547556713843,0.996425823583882,0.994184287371181,0.998535596330635,0.994616451029578,0.99137816774821,0.997199834711532,0.977820125688245,0.997645538505733,0.986414309100812,0.977790343485425,0.995055631564526,0.987100120470881,0.992781884687195,0.969656448470671,0.988497827928719,0.998781416267976,0.991731041960527,0.998528903212639,0.997536326408485,0.991080076151107,0.997079963160264,0.993916229774159,0.997426212691868,0.997632777897181,0.994252388263944,0.996233477230064,0.998347850749914,0.998083597493745,0.997907960284464,0.990062299018063,0.997832092055295,0.988921730681851,0.997590056946645,0.984619042251469,0.993284979863537,0.996517467733315,0.995023036289143,0.978680633839411,0.990485182646761,0.987695355873791,0.996435760799901,0.994573162436651,0.99554268146814,0.986034610206295,0.99493913849019,0,0.99188622725321,0.992002294623387,0.987219341387926,0.993248486501323,0.993204139327993,0.995994442972223,0.997729849539457,0.99474455224271,0.977674100224311,0.997312179169933,0.992779412023521,0.991915492582764,0.998078332335187,0.996504194313218,0.956667830488477,0.997778479730035,0.99885230473418,0.996916078139939,0.991572337335189,0.981859167560494,0.995823970244063,0.997024116154382,0.998003562265668
"S1PR2",0.992317542784266,0.985926059094032,0.993872628949462,0.991394448470808,0.991741108880619,0.992721647557115,0.993216859336517,0.993957707045079,0.98989300690863,0.99449405346874,0.99220512566047,0.994472330635644,0.991197539743745,0.932771100021573,0.979205888912127,0.973289090611213,0.990358223392328,0.990187697426056,0.98949130741553,0.992645674748611,0.993497317622053,0.993044421181171,0.980784339222172,0.980749445826066,0.98855720283837,0.989164365493918,0.989899702349248,0.993515388646176,0.986484114002147,0.985997970148478,0.988158418982503,0.994485868619474,0.993124520871641,0.993337982836472,0.990439366327451,0.991128691842639,0.99301767158673,0.974556411625905,0.993233945584063,0.985750683457387,0.98135637140142,0.991244827979,0.98917472363968,0.994407670931645,0.980735514391683,0.985643362780351,0.991617106663186,0.990676663880796,0.993079251163369,0.994066462096928,0.988921567676203,0.993056259865113,0.988620344160758,0.994121893080194,0.991265428164234,0.986727083629829,0.988372276275292,0.994270621626754,0.994434009271595,0.991176489434118,0.980904076352648,0.993887415412738,0.986820236189667,0.992455503094712,0.982497500785044,0.985411101346727,0.992567732946412,0.993509713686742,0.987282307393665,0.993627813237677,0.99104376519942,0.993681324278271,0.993571129932082,0.994201993281103,0.990368521002903,0.99469812582526,0.99188622725321,0,0.994465131915429,0.984740738142533,0.993665146969748,0.987702749199628,0.992661940536978,0.98999143598538,0.989535234032796,0.977267422777367,0.993361325479102,0.990631883796474,0.987631111548228,0.993412685243347,0.991074613830118,0.967136925785644,0.992998394955069,0.993920416964671,0.994712625250325,0.992796648014513,0.981242969587274,0.994803143421906,0.989478496528013,0.994114540415688
"SAMD1",0.994289036744935,0.990279753851415,0.99489854312269,0.994667566433193,0.990475459733233,0.991705347327457,0.992561823160181,0.994854644527045,0.992058642543485,0.995643039805229,0.994452925609104,0.996188001248741,0.993637146239677,0.943873315621655,0.984356307958807,0.979272699059922,0.990959738562675,0.993581706580226,0.993743227320598,0.994653816353117,0.994795545910408,0.993473188496551,0.98492721084652,0.982572741548441,0.986481876989381,0.991576488854489,0.990919818350709,0.995050769585283,0.986911614294785,0.984988509851551,0.989217491040783,0.994642444190038,0.994859428693777,0.993671707607689,0.993096526697415,0.994365952012967,0.994852435588686,0.981542072431443,0.993911719704177,0.990567005012323,0.986597813521557,0.993854703034956,0.992704027282109,0.99557457903913,0.984803840248419,0.987468291125439,0.991988068279713,0.992825028112919,0.992865357717021,0.994350407872655,0.986442790829912,0.992835503768456,0.990192917661329,0.993600572647069,0.98934184833409,0.983407201992519,0.98544156918258,0.9938572411126,0.99435424788519,0.990248075028087,0.982470262807689,0.993628490885326,0.99058905028419,0.991801900085463,0.986058075992594,0.984984042503563,0.993301694556946,0.994679748942746,0.989722558021,0.994892078536339,0.995691122554148,0.995367102354619,0.99502485830719,0.99402044143563,0.993043878968495,0.99649098558891,0.992002294623387,0.994465131915429,0,0.986852815757362,0.995914387403133,0.98572129953903,0.993700359216972,0.987969664958549,0.99155026430752,0.985659176680345,0.994627252823449,0.991440670546431,0.988239557468591,0.992305139522515,0.99111596727183,0.974932871966924,0.992993312036764,0.994239960580843,0.995967910664432,0.993822313430904,0.984771948069041,0.995445262999098,0.987422341822868,0.99352185097897
"SET",0.98464909417417,0.983842304134876,0.989453123949638,0.983812990395754,0.983931002547722,0.985759147929438,0.985784561442204,0.98608707853412,0.98817055099954,0.988219482922544,0.988743862111688,0.989430646224523,0.987810799380132,0.935074410671181,0.977137847786859,0.974125749996516,0.986455912262795,0.98701607224908,0.988789767748765,0.984872199828292,0.986720515008229,0.98408462843492,0.977346763020174,0.981596654621949,0.981878838778809,0.989055237090298,0.981086701013422,0.987818589737317,0.982374131294786,0.974177842539712,0.983859918831259,0.987879871770405,0.988062260604594,0.987913225025732,0.986845461881432,0.987725961808806,0.989552954261353,0.971339131370292,0.988276372083809,0.985699208475366,0.976711345465027,0.987339273294841,0.984049399656638,0.986868806051005,0.967780377031919,0.981772859773537,0.98609357763003,0.985549153223589,0.988081537276572,0.988810778064285,0.977205729083512,0.987011419196553,0.984918723664985,0.987298665993632,0.982456152211502,0.976008699039512,0.978723398721722,0.988057645431369,0.987984320811594,0.982429807863958,0.978324406090009,0.986818948283834,0.983214439247333,0.986262639201353,0.980394663306216,0.978800667645269,0.986329396711478,0.987240886117742,0.977457547514269,0.984442430447093,0.986089060562057,0.989145733720645,0.988857671037639,0.985284469577913,0.983514358051313,0.988216157707574,0.987219341387926,0.984740738142533,0.986852815757362,0,0.987651489978273,0.985231482170925,0.987152078886771,0.981855378155936,0.986337203767672,0.975815819608259,0.987378058674082,0.987591305100771,0.984461389942292,0.985196161042953,0.984502651903917,0.957069653781467,0.987753472716832,0.988981323453734,0.989276309050338,0.985309915108005,0.97690076617691,0.988564033293708,0.983892344401648,0.98728750767282
"SGK1",0.995086947862824,0.989943119015611,0.995673051950941,0.99484706044473,0.991613132612036,0.99297297589718,0.993654785152596,0.994787403200801,0.992671007272706,0.996202018218798,0.994783297425304,0.996214773683398,0.993736899395172,0.942333762025176,0.983828467475651,0.978915112018485,0.99236254738586,0.993725727629758,0.992881977733692,0.994575413678424,0.994292195264518,0.992563033093315,0.983615669062432,0.981112259878422,0.987570480617277,0.992826298193565,0.992302137317767,0.995658665709319,0.988276443102388,0.986550840075254,0.990099998577441,0.995601629086839,0.995669291553678,0.994905400836304,0.994454663102626,0.994145663884765,0.995326555391641,0.979602883904042,0.995233441176855,0.989080419936406,0.987315643128507,0.9951374358608,0.993712217430636,0.995592558453716,0.983895255845765,0.986761364551135,0.993537048943533,0.996288747730641,0.994312420906962,0.995607101253872,0.986503309788625,0.994697240318368,0.991908322926299,0.994485761539254,0.990421913906383,0.983612440265921,0.986422271138729,0.995322134554562,0.995619393746861,0.990783479735806,0.983506649961107,0.995561408046716,0.991034807808029,0.993362130378405,0.98503354441924,0.98626419973623,0.993671340065297,0.996575309676884,0.988979275939161,0.994419391403797,0.994342511415581,0.996342189658068,0.995138360462385,0.993838432463121,0.99297956453764,0.995013361502521,0.993248486501323,0.993665146969748,0.995914387403133,0.987651489978273,0,0.988771359738313,0.993157117709682,0.989646136333498,0.991749342266323,0.985067353587508,0.994916786472985,0.99303379506699,0.989800047812097,0.993263500844782,0.992171376968366,0.971636867082961,0.994825519542658,0.995426362513236,0.996573837907822,0.994476270852324,0.986082051072212,0.995723363334378,0.988909340960131,0.994794324422274
"SLC4A1",0.987908618030972,0.981373047345769,0.992591792336114,0.983110967301304,0.992035793294951,0.992667731897306,0.991490504199442,0.987621869870964,0.991431002573668,0.989707333866207,0.987634906060706,0.99010576472887,0.986976844575255,0.931872748602444,0.978060885172201,0.97375446814645,0.991868778571495,0.988914794296209,0.983361854499222,0.983208754862851,0.986312173274276,0.988809571140188,0.979713339414638,0.982242609568107,0.99067714045535,0.990844790171559,0.981201900182834,0.99109952388601,0.990259948591501,0.982340465087739,0.989581987225634,0.99186775917482,0.990431577435164,0.993230865859187,0.989620833302773,0.987073309119212,0.991542941658454,0.97232823315517,0.992113181466626,0.981616908325986,0.975429200648007,0.989776066792581,0.984074342120627,0.988127094674455,0.966585013978706,0.981971064459363,0.992851013448447,0.9874087274953,0.993461518098079,0.992738337087878,0.984211784355373,0.992684226370181,0.989282006402069,0.992091126480368,0.99097223490294,0.98679088431476,0.989746395183419,0.99309697890058,0.993009680691635,0.991013045301176,0.985602657766379,0.992928542138334,0.985275716480735,0.993027587870703,0.980131639150517,0.98781939020702,0.991186624322561,0.99081852364957,0.975719363122947,0.985528065881699,0.982576481916111,0.991141888707002,0.988624959845972,0.989864452665426,0.982948700790554,0.989241302737314,0.993204139327993,0.987702749199628,0.98572129953903,0.985231482170925,0.988771359738313,0,0.991761857095587,0.991903228129076,0.989242742152693,0.972481320690779,0.991893505195493,0.987969958822708,0.987041843023093,0.991954105361091,0.991075914714542,0.953700414999752,0.993042374523692,0.993846697672936,0.991631397648578,0.987544096717815,0.979299228217062,0.990197500157231,0.99219280022732,0.993242690682741
"SLC6A9",0.992945142190644,0.986002816592523,0.996457591852868,0.988299838900111,0.995138042080375,0.995913261133234,0.99470246633355,0.994420818821474,0.994412554070157,0.995433251338939,0.992840290061103,0.995177857797089,0.992200120285556,0.936089592057406,0.982051638401733,0.977556278185644,0.994562040186729,0.991478258872157,0.990901843128918,0.990271790419673,0.994173428364214,0.994281932932278,0.983489292977557,0.984489379833295,0.993417689769303,0.9923571573225,0.986229171841595,0.995648134170163,0.991194825390387,0.985911060098042,0.99272142366858,0.994791607459933,0.993237201739812,0.995509235743137,0.991817114738925,0.991294061100804,0.995788708009667,0.976668902498519,0.99600906007874,0.987285838747853,0.978442991690657,0.9931263332825,0.987422085285798,0.994129205891161,0.976223069021049,0.987879350184533,0.995091256928503,0.989811047942469,0.996230510294712,0.995996054403283,0.990734726042031,0.995200192399886,0.991195874547843,0.995845600303099,0.994768098614384,0.990344552351426,0.991943520100097,0.996249632497704,0.996305182621738,0.994246858559428,0.986172483083087,0.995570087638385,0.987226908680918,0.995179537257937,0.982413809110279,0.988024071013321,0.994985981975777,0.993848828330515,0.982998094754213,0.992941657260873,0.991709667344572,0.996457023093324,0.995443556343625,0.993562402409605,0.988922632135034,0.995077150384662,0.995994442972223,0.992661940536978,0.993700359216972,0.987152078886771,0.993157117709682,0.991761857095587,0,0.994050021408891,0.991438988733259,0.980030172450717,0.995440265346336,0.992167151100424,0.989702821352264,0.995924428158173,0.994646458949473,0.9622759128754,0.995656296144834,0.996999457093028,0.997038087930511,0.992778097769884,0.97908137601491,0.995893020624175,0.994062384632981,0.996516738088841
"SLC38A2",0.990765538163079,0.978171683686571,0.99517589467684,0.982089063203955,0.998634359629367,0.998300822176842,0.996947466140254,0.99148684193015,0.993615502292957,0.992525002104254,0.985863279556418,0.990290065226195,0.985193219874008,0.9274941903728,0.976829415829517,0.972518582400593,0.994730861682056,0.987025173391899,0.985178712752995,0.984043554073388,0.990386669983962,0.993518444620883,0.981222860822673,0.985248042229055,0.997591337152751,0.992071680898416,0.98330721316335,0.992699255391578,0.993196380571586,0.986215555595589,0.992961933156831,0.994249867903452,0.990551622072301,0.996536727492768,0.990660057193603,0.986370807213118,0.994015307360888,0.971363575162741,0.995643613829078,0.97996467016681,0.971559088262828,0.991147742325337,0.982040745446467,0.989725115081725,0.96565785141012,0.985947667809213,0.997284679039958,0.987682595323289,0.997120078373362,0.99556694517458,0.992138231712287,0.995563953399977,0.991020343670026,0.995513810109227,0.998330319824901,0.996584866104118,0.998020210713787,0.996855508057802,0.996592770524418,0.998305212913524,0.986817465671826,0.996608675501943,0.983703627636507,0.996664092625569,0.979712453676278,0.991658617939928,0.994586809789061,0.992713942476061,0.974859351906348,0.987885617223966,0.982574727610573,0.993623638203581,0.992355938996088,0.993184888490127,0.982628321977222,0.991833181081167,0.997729849539457,0.98999143598538,0.987969664958549,0.981855378155936,0.989646136333498,0.991903228129076,0.994050021408891,0,0.991289055485434,0.970233402540645,0.995087343489039,0.989835122570174,0.989196389593061,0.997935264781944,0.995106259108635,0.949494241681027,0.995838933125207,0.996847693342397,0.994610970573077,0.989757217135416,0.97656781131666,0.993816882706898,0.997078544945892,0.997004811949605
"SNAI1",0.993478751673997,0.986177138200663,0.994657071969717,0.987432204781196,0.992358128513986,0.992715770872534,0.993747790715075,0.98886743301071,0.995777075573928,0.990710139308763,0.989571115710721,0.992157104378765,0.98956125490968,0.945931708035191,0.986316872712321,0.981886845718118,0.993348379508701,0.993432593101198,0.989127203239133,0.9864774130415,0.987100112720745,0.991591989685175,0.987958546514752,0.988355335116748,0.988814597634671,0.995609755756673,0.982782191503122,0.993319029981695,0.993415014344022,0.981440347932961,0.992060863055212,0.994880466840407,0.995032705725886,0.996113055996578,0.995798666900955,0.992564798465447,0.99436684019299,0.983975709099025,0.993619505568542,0.988417592180273,0.985148833806246,0.995086723724875,0.990884009091724,0.991127784616033,0.970169431055872,0.985936123674093,0.99514225862443,0.991404189744409,0.993875332590644,0.993824066562468,0.984525728302906,0.992729317592882,0.992962207933453,0.992771906271764,0.990465401053943,0.98575809888594,0.989372996380901,0.994184522659617,0.994030152317099,0.992357426435764,0.990117995236391,0.994024546446262,0.99280772467955,0.993330268375866,0.988006510777375,0.992133744406244,0.99356213382477,0.992979943622771,0.978957130996967,0.988424872862646,0.986382966467007,0.992309088525564,0.989510152498824,0.992964130755925,0.986817658248736,0.99262006540809,0.99474455224271,0.989535234032796,0.99155026430752,0.986337203767672,0.991749342266323,0.989242742152693,0.991438988733259,0.991289055485434,0,0.980929723652003,0.9953828738369,0.989679361924854,0.989324255763653,0.992080005768379,0.991965620504012,0.965083137781494,0.993463377892391,0.994644817449435,0.992445197586874,0.988342327856983,0.98901547260862,0.990999810339697,0.989862885063939,0.992760976710749
"SPI1",0.98348667898932,0.985172601931174,0.981398958141361,0.984038536979978,0.973400457484236,0.97470943726839,0.977880169655823,0.978326903898707,0.98311205244287,0.979566458876135,0.984295976233656,0.984150488373653,0.983704643639356,0.970634383361384,0.990126973123924,0.98817198605024,0.980889298240207,0.986564019756544,0.982830227394089,0.981404180596581,0.975970022672459,0.977649040320716,0.982415123265809,0.973702864107596,0.967861087502589,0.981981468243267,0.972506100671987,0.982878717733449,0.979046366467717,0.968065227760278,0.981873468636951,0.981021324431142,0.984526437030096,0.980939115019402,0.985554870387342,0.986577387370732,0.981821222945684,0.982117467941205,0.978660252176313,0.982869065588403,0.985603350999195,0.985950756926795,0.986988243459623,0.981720881366557,0.976263544451663,0.974927330598053,0.978118582073047,0.982862063824489,0.977317905059286,0.979449750849384,0.964804674203252,0.977655486202247,0.979777898385314,0.977279820266809,0.970671279347162,0.962227717913517,0.966261669387888,0.978173124657153,0.978969645369744,0.97368458060741,0.979680794622882,0.978817332258761,0.98533676572395,0.975747539474069,0.978661796058586,0.975381446833672,0.980110723395841,0.982325272699228,0.978362990415722,0.979939007410693,0.985198550844561,0.981354717581143,0.978161679751664,0.979833996277444,0.980885933492711,0.980990191196355,0.977674100224311,0.977267422777367,0.985659176680345,0.975815819608259,0.985067353587508,0.972481320690779,0.980030172450717,0.970233402540645,0.980929723652003,0,0.982738352404694,0.978828151385326,0.976057536299359,0.974016134176181,0.977337461182725,0.976515221036709,0.978975947776616,0.980018683363742,0.981103523354321,0.979462357264056,0.97706346238741,0.979078996002959,0.969621112627757,0.97738310266246
"STIL",0.995056033392814,0.987864232430527,0.997768773758841,0.990738914223167,0.996461093847394,0.996796219165887,0.997137278628993,0.993549210446849,0.996337750479696,0.995088436895413,0.992601735963629,0.995463002971449,0.992193637780029,0.944305368081609,0.985960085793116,0.981554857750347,0.995707631409544,0.994419567934706,0.991523861420912,0.990600749730087,0.992434411760668,0.994893106727144,0.988689856489918,0.989019699276768,0.993837391215121,0.995391738599047,0.987485161022955,0.996076155935265,0.993778342198744,0.987053349984364,0.994509196497373,0.9969200295528,0.995957356571284,0.997965274146808,0.995530647620514,0.993768627508069,0.996598922543324,0.982255789418641,0.996598136782668,0.988783498625333,0.983880190480518,0.995837675393605,0.990884557921715,0.994233763699337,0.97661466426056,0.989138705739782,0.997336470369249,0.993184849621097,0.997158641623537,0.99711948351217,0.990382515135756,0.996252475819339,0.99372695932883,0.995883461824153,0.995445579973105,0.991879544937029,0.994192145602108,0.997302081114576,0.997436387759889,0.996834373768399,0.98932681761437,0.997258638299118,0.991650595956714,0.996673456244616,0.989026150478432,0.992491064339275,0.99763465964643,0.995857487957352,0.98376386692718,0.992345269450058,0.990446307744147,0.996037343452686,0.99442899046624,0.996000798973281,0.98943979218366,0.995488437824762,0.997312179169933,0.993361325479102,0.994627252823449,0.987378058674082,0.994916786472985,0.991893505195493,0.995440265346336,0.995087343489039,0.9953828738369,0.982738352404694,0,0.992819071865436,0.991467001552519,0.9965419391901,0.99533111128325,0.967059267139165,0.996638422081216,0.997769088791824,0.996690757675962,0.99315119205092,0.985968288211535,0.995577727077303,0.994075906213673,0.99701509680521
"TBX2",0.990614360427043,0.986003401733516,0.994077703792425,0.987587806671172,0.991525612607138,0.99227317000083,0.992644212144831,0.992294576029133,0.991861737291425,0.992920724884397,0.990640923215989,0.992559526922301,0.98983305174511,0.93556276772188,0.979376126472232,0.975143608042432,0.990838019055187,0.990542143395272,0.990740956942131,0.988969748780113,0.9913884066187,0.989439696477216,0.980824504913146,0.981068540465205,0.989083341412033,0.991589142502751,0.985555595940615,0.992660697773786,0.987608509673389,0.983138484590074,0.989039059971256,0.992552594178391,0.991622741604567,0.99340300189935,0.991056945478858,0.990205180730566,0.993632909245452,0.9754986627627,0.993175014364509,0.985675686261768,0.979581022677126,0.992147067413917,0.987328018253117,0.99106354383472,0.975017395273155,0.985631723434164,0.992406766076448,0.990591905982568,0.993120176203317,0.993451415022105,0.985392109932445,0.992415595208425,0.989653569216065,0.992570667799284,0.990295970679405,0.985731081775856,0.987711659627473,0.993334038284552,0.993377916883784,0.990651324762937,0.982806787687053,0.993222324298141,0.986720461942511,0.991888730285399,0.981865137308684,0.984509143349295,0.991893136817826,0.992819020154336,0.981842410122883,0.989125077423551,0.989421296602372,0.994139702979145,0.993230033631422,0.991680644055363,0.986577737020575,0.992063055947095,0.992779412023521,0.990631883796474,0.991440670546431,0.987591305100771,0.99303379506699,0.987969958822708,0.992167151100424,0.989835122570174,0.989679361924854,0.978828151385326,0.992819071865436,0,0.989416572399143,0.992249496719168,0.990478989883477,0.960605858417369,0.992753076972568,0.994015198375366,0.994486186692136,0.991031507124371,0.979991564299451,0.993160149500478,0.989559291524485,0.993443801848556
"TBX3",0.988142399310473,0.98070747698111,0.992265643058898,0.9850275726007,0.99067322326252,0.991269810345016,0.991214870139565,0.988523235610457,0.990786599443104,0.99043090926143,0.988477763309426,0.99067673226915,0.988048822581936,0.933570384945068,0.977969274862196,0.973952145958311,0.989708705352332,0.987879154414911,0.986351182551157,0.985751246624734,0.987871460324911,0.987824983341336,0.979502887239459,0.979533404336126,0.989116350721939,0.991047481163116,0.981670929684151,0.989878090006133,0.98669391509327,0.978107322390853,0.987572237112136,0.991404907453631,0.99027572780756,0.992350167541142,0.989788619352095,0.988567372527411,0.991935439358749,0.973469133205191,0.991523519758927,0.983469261201655,0.976082319445104,0.989518387192293,0.984603105376214,0.989605339619526,0.969189395868411,0.983694801118067,0.991243188723281,0.987639654584808,0.991874192449714,0.991603884405839,0.983639887714181,0.990753667851108,0.987700534557915,0.991018200849163,0.98981229353601,0.9853110714339,0.987345387605717,0.992147809691622,0.992219083483506,0.989667374321211,0.981479235239924,0.991428899029377,0.984447517786157,0.990969458704314,0.980372590074619,0.984920911342289,0.990654715334583,0.989912490790587,0.976149243684116,0.98695138568747,0.98532001783006,0.991349611455803,0.989512051554822,0.989202797022363,0.982866324648313,0.990240228422642,0.991915492582764,0.987631111548228,0.988239557468591,0.984461389942292,0.989800047812097,0.987041843023093,0.989702821352264,0.989196389593061,0.989324255763653,0.976057536299359,0.991467001552519,0.989416572399143,0,0.991208329436633,0.989406294638836,0.965176960592602,0.9916597730954,0.992684144150468,0.991958351032239,0.987157246911501,0.978507799437214,0.991094555396117,0.989044922673483,0.992046458501399
"TGFBR2",0.992774801740916,0.982101908332554,0.997552522234897,0.98791048781011,0.998827890890885,0.999062844892622,0.997523514792625,0.995568253799743,0.994248687151229,0.996323047814991,0.990827989074616,0.994399333850553,0.990089839662481,0.928017689890221,0.977932418442985,0.973022547019307,0.995141959421534,0.989411395024327,0.98916906813869,0.989873098287526,0.994832544447051,0.995891309104688,0.982060802514121,0.98425843722368,0.997677415572319,0.99325598718103,0.988057355356521,0.995043876074909,0.9918526027706,0.987056861148166,0.992700935831259,0.996324316001758,0.993083670615883,0.997472321049972,0.991741489279717,0.990252111476558,0.99627782769133,0.972421176283205,0.997427165869535,0.98433402133966,0.974973880994029,0.99245804835236,0.985468713439295,0.994753384289392,0.972640634115721,0.988252427207566,0.997394031213993,0.990088985611912,0.998167082794225,0.997491830820045,0.993904356299736,0.996997037057127,0.991253181144307,0.997399654672829,0.998664290778388,0.995938769207111,0.997058358885198,0.998517868644212,0.998468001467334,0.998104104151589,0.985103907891991,0.997739736210962,0.985348387250515,0.997654001803271,0.981735734611263,0.990209646923827,0.996190444435276,0.994717498022556,0.980551114342644,0.993422842702679,0.988636876533552,0.996550978863139,0.995990473888537,0.994776253179097,0.98724749779198,0.995278796039663,0.998078332335187,0.993412685243347,0.992305139522515,0.985196161042953,0.993263500844782,0.991954105361091,0.995924428158173,0.997935264781944,0.992080005768379,0.974016134176181,0.9965419391901,0.992249496719168,0.991208329436633,0,0.995912429238779,0.956607796886728,0.997196113564392,0.998411786315067,0.997694892629016,0.992983586984462,0.978397177246664,0.997256241141031,0.997234853135563,0.998662598423541
"TMSB4X",0.99268678534689,0.982683977803402,0.996171277459267,0.985615894432774,0.995911790033837,0.996441782611172,0.995743888382268,0.991907624505061,0.994300184459021,0.993598892841211,0.989854556923172,0.992724585069184,0.988949575204512,0.938503234171721,0.981917148490824,0.977482572082207,0.995013462424828,0.990136671719244,0.988051487604932,0.987559234084451,0.991001430474824,0.993523040829311,0.982208264901738,0.983773868591285,0.993549540522494,0.992671666921931,0.984768500876593,0.994839696636388,0.9939294108024,0.986567526896634,0.993343659761245,0.994473739666628,0.99253935954895,0.996037090746612,0.992456302974172,0.988575442748008,0.994868954732656,0.977400157928805,0.995747943438098,0.98416135069666,0.978253679127593,0.993476725620412,0.986831374621446,0.991715591778307,0.972937056684486,0.985387059624304,0.996188414906839,0.989844337084673,0.996408841108081,0.99573007200884,0.990547245947055,0.995948396262994,0.99209741607976,0.995553914738863,0.995143929973723,0.991509088474609,0.99362024743656,0.996202488830996,0.996088124232381,0.995519786069729,0.989217753787361,0.996325838173299,0.987955407443585,0.995858338801643,0.983151682734071,0.99149753096314,0.994537648745766,0.994004549746424,0.980592872697789,0.990100819748296,0.986649115551945,0.994680772775372,0.993199755778619,0.993713421669849,0.986936336541103,0.992866684886052,0.996504194313218,0.991074613830118,0.99111596727183,0.984502651903917,0.992171376968366,0.991075914714542,0.994646458949473,0.995106259108635,0.991965620504012,0.977337461182725,0.99533111128325,0.990478989883477,0.989406294638836,0.995912429238779,0,0.958147515460036,0.99594077807162,0.996670455356177,0.995203923440275,0.991097117059397,0.980337821006583,0.993945095506235,0.994881298409527,0.99614556569817
"TP73",0.972861684340752,0.977219276299254,0.963761961929044,0.979749513575269,0.953764617455779,0.955625278378735,0.95973936778418,0.965589355252894,0.961175195042684,0.966311128838532,0.972810847095415,0.971840896987823,0.971493724812691,0.944233847618957,0.968550870077571,0.960948159330493,0.958183699656036,0.974745790932673,0.968389278850493,0.975146032712314,0.963497419783941,0.963602263026682,0.9673964470095,0.955785050242186,0.945255928714819,0.961007232834567,0.968312412070312,0.96894372614879,0.956239438205897,0.958271155404226,0.95734029862549,0.967372615812549,0.973019430314306,0.963477720015124,0.969089447029257,0.973890986446133,0.964531838994879,0.969729268235812,0.960133717820469,0.970774780857822,0.978442459077556,0.969087248945932,0.976142115111969,0.971732340270551,0.979845030682944,0.956009592372352,0.959100190362198,0.96857789487681,0.95841864614008,0.963175448270976,0.950188712053393,0.96101981062676,0.960855951612216,0.960366885977128,0.951222200260077,0.942169204527759,0.946652240264689,0.961075238184229,0.9624148979795,0.955185364660073,0.956018697403253,0.962168629042186,0.974972710152898,0.958415111149101,0.965725314827799,0.956039413092887,0.963813183853001,0.968812871265953,0.976375531730934,0.972263171197821,0.974643427385467,0.964147854823924,0.962902661123651,0.965960072596631,0.972524230968864,0.967775911162391,0.956667830488477,0.967136925785644,0.974932871966924,0.957069653781467,0.971636867082961,0.953700414999752,0.9622759128754,0.949494241681027,0.965083137781494,0.976515221036709,0.967059267139165,0.960605858417369,0.965176960592602,0.956607796886728,0.958147515460036,0,0.96047177146804,0.961590750180219,0.964498351553008,0.96834403905251,0.972425667907183,0.963814205877619,0.94759581489112,0.959963843033974
"TSC22D1",0.994190598252437,0.984687984739987,0.997812350680204,0.989072442536262,0.996810273121073,0.997527726981336,0.997051190675416,0.994067656949895,0.995861414399646,0.995752592858804,0.99252028118607,0.995119310937537,0.991949407101186,0.937080016556408,0.983061959685036,0.978310151085515,0.996339645771687,0.992848559485935,0.9900374185285,0.989675027314485,0.993230856040207,0.994940520254771,0.984167685500833,0.985053953644928,0.99454199340391,0.994791808799083,0.987911392637621,0.996207115412412,0.993634006305332,0.986896973904774,0.994310671358652,0.996594332406699,0.995021985541752,0.997709371092975,0.994695514199179,0.992070631337506,0.99692746021261,0.977852521156422,0.997372211647277,0.987127982909803,0.980319576234176,0.995021063066375,0.989033881881625,0.994101956694314,0.974365420913141,0.987688338941536,0.99754958191358,0.992800373930872,0.997902726823447,0.997496442302814,0.99054326170675,0.997223062297703,0.993238470591214,0.997171607410565,0.996102614896818,0.991418603308752,0.993757413927672,0.998028910192404,0.997894141353819,0.996041839153577,0.988324068255802,0.997733901687822,0.989422528440753,0.997100819057321,0.984290506353579,0.991809025494921,0.995648569313459,0.99594878177243,0.981903396205152,0.992287160269804,0.989635878129904,0.996623499725756,0.995049892017129,0.994837913895225,0.988569198831533,0.995062563998839,0.997778479730035,0.992998394955069,0.992993312036764,0.987753472716832,0.994825519542658,0.993042374523692,0.995656296144834,0.995838933125207,0.993463377892391,0.978975947776616,0.996638422081216,0.992753076972568,0.9916597730954,0.997196113564392,0.99594077807162,0.96047177146804,0,0.998410685814095,0.997187644180898,0.993104941842312,0.983120454506006,0.996231763714022,0.995465399404584,0.997635287775323
"UBASH3A",0.994716691693192,0.986173558143086,0.998902836408391,0.990104364662639,0.997974495536293,0.998646206649889,0.997932304873029,0.995394720853605,0.996943324875879,0.997100635944403,0.993883200017107,0.996564619787041,0.993296831693216,0.936993408520477,0.98360476136365,0.978966452888378,0.997059035099966,0.993358841172603,0.99171064129437,0.991105521596905,0.994684790763416,0.995850527775294,0.985361364895125,0.986209881796627,0.996121246753487,0.996162723623525,0.988522016443281,0.996956430425296,0.994185910550584,0.987189962832844,0.995077392738352,0.997521635549648,0.995858762626206,0.998645403851831,0.995158472014623,0.99324580321466,0.998047667097022,0.97808287356748,0.998428388098885,0.988756267702069,0.980666967113897,0.995539271261653,0.989636479210032,0.995354664368325,0.974871422540336,0.989248984943894,0.998354183293528,0.99322005468846,0.998940436320743,0.998567764470944,0.991761775643378,0.997966460021041,0.993971699105928,0.998135735738499,0.997277489425533,0.992977372934117,0.995063638964438,0.998998861486697,0.998935072411622,0.997152727938701,0.988716514798203,0.998451116850814,0.989829171102349,0.998083600226203,0.985308688884578,0.991767502269716,0.997043644773217,0.996616516077033,0.982604425997617,0.993534663981526,0.991101193242416,0.997889843208947,0.996462376670547,0.995746157564304,0.98938002102714,0.99637698914248,0.99885230473418,0.993920416964671,0.994239960580843,0.988981323453734,0.995426362513236,0.993846697672936,0.996999457093028,0.996847693342397,0.994644817449435,0.980018683363742,0.997769088791824,0.994015198375366,0.992684144150468,0.998411786315067,0.996670455356177,0.961590750180219,0.998410685814095,0,0.998557773882169,0.993998327291477,0.983433506958876,0.997576747858175,0.996733234928475,0.998864555757722
"UBASH3B",0.994311894541284,0.987563436874671,0.998346479713291,0.992618665836329,0.996264850458958,0.99730627084967,0.996452294603707,0.997524191821972,0.994785770846716,0.998648537919467,0.995109970896695,0.997291725999923,0.994164979634775,0.934591582520618,0.981400336859477,0.976801057665587,0.995014621338237,0.992533566106924,0.993789632059431,0.993882810960325,0.997489110921649,0.996061467553924,0.983245349395173,0.982915601776859,0.994220322380912,0.994435654891763,0.990830834546938,0.99670761735676,0.990875249708308,0.987020418076312,0.992458272141319,0.996826026260657,0.99512957492048,0.997095277371327,0.993687239111966,0.993980901343677,0.997448088978434,0.975745596823453,0.99827968826974,0.989349223500218,0.980487869134213,0.994240143681528,0.989696630688549,0.996788883130131,0.979496135277564,0.989283125825198,0.996235097884968,0.992953020007354,0.997700110283399,0.997987950092655,0.991268195968142,0.997076480053239,0.992072719158902,0.997622047270368,0.995731856112639,0.990681073321967,0.992318082495019,0.998177166371868,0.998357463528987,0.995080704382905,0.985080731997347,0.997367227797601,0.988107098977614,0.996577508185002,0.984245934440613,0.9872130740136,0.996098068976875,0.996476679474981,0.986250609348219,0.995617361529397,0.995101688953859,0.998877439287305,0.998395419200254,0.994843296058476,0.991206422820706,0.997199345481372,0.996916078139939,0.994712625250325,0.995967910664432,0.989276309050338,0.996573837907822,0.991631397648578,0.997038087930511,0.994610970573077,0.992445197586874,0.981103523354321,0.996690757675962,0.994486186692136,0.991958351032239,0.997694892629016,0.995203923440275,0.964498351553008,0.997187644180898,0.998557773882169,0,0.995483175927124,0.981175519770238,0.998960375853812,0.994582481535574,0.998111571279333
"ZBTB1",0.992551167878924,0.986371115808672,0.99382821577622,0.992214616288713,0.99124171060476,0.992499640287355,0.992539358813202,0.994546326284474,0.989706796379757,0.995580180999757,0.992854341887311,0.994407037022378,0.991521359527169,0.935277363634601,0.979133386247259,0.973029904568192,0.990232660244175,0.990935000284826,0.990136566150586,0.993099745434601,0.994163718235079,0.992229245730925,0.978984070957975,0.979436443847978,0.987503028756715,0.988766512941857,0.992466353077713,0.995126372555479,0.986599966386177,0.988175561935575,0.987928607267366,0.993849751553556,0.993056130847032,0.993041407044842,0.990696691341981,0.989445122822975,0.99317827091496,0.975487520982334,0.993340565626771,0.985556916602383,0.982127596765326,0.992429941037032,0.989108444357702,0.993734672216958,0.985879507533209,0.984680871192047,0.99222271330626,0.990468441831615,0.992883714650246,0.994050394095912,0.989190651305152,0.994386755563799,0.988651315240963,0.99264157056434,0.990176350241269,0.985275150697562,0.987392999350514,0.994051100631604,0.994232887696885,0.990835756760865,0.98125116905087,0.994377885131862,0.988246113098272,0.992218528918377,0.981098518484897,0.984050163833457,0.992343551487964,0.994797481211434,0.989909823388666,0.993420602304917,0.991990221186215,0.994062363602625,0.995243439426936,0.99229689572784,0.990498124458463,0.993932794489183,0.991572337335189,0.992796648014513,0.993822313430904,0.985309915108005,0.994476270852324,0.987544096717815,0.992778097769884,0.989757217135416,0.988342327856983,0.979462357264056,0.99315119205092,0.991031507124371,0.987157246911501,0.992983586984462,0.991097117059397,0.96834403905251,0.993104941842312,0.993998327291477,0.995483175927124,0,0.981003414307166,0.995145223602591,0.988876520112976,0.994085143360083
"ZBTB10",0.987481741064616,0.983023956701957,0.983674158144735,0.984915756527007,0.978027161031781,0.979148218093751,0.982456364904977,0.977465144701344,0.985215373274417,0.98126485216313,0.983401435500323,0.984556203250053,0.983572611989733,0.949663711418592,0.982881530843181,0.976740339886741,0.982108430167829,0.989654417179063,0.980798787757153,0.981071597353016,0.975681946383078,0.980337475595323,0.98027873939668,0.977122179960695,0.971334520519826,0.985928520824869,0.97988608490645,0.985765978068066,0.982274058680146,0.974684226761822,0.981074518078222,0.987081084844952,0.990552109671096,0.986095101621012,0.99067526995258,0.986125241632123,0.984612267934817,0.985236230309607,0.982274045594279,0.983189092319721,0.989914993681076,0.989300168643416,0.990329975834135,0.982828251363356,0.973263067302138,0.973762768966794,0.984551888238586,0.986923271745599,0.9822203766857,0.984049519770583,0.970322985393616,0.983431086104428,0.984423992324898,0.981786259949721,0.974967465588292,0.967531467129152,0.973413654918872,0.98300822283257,0.983021977739023,0.97863890609983,0.980451426074949,0.984737812925355,0.992239790929533,0.982020455892615,0.982701267013042,0.983732808354447,0.982891583952279,0.987116652111577,0.977032509896242,0.979952935722505,0.978873178782316,0.981664863555557,0.978475556979118,0.98460537796668,0.983593843977068,0.982679772853747,0.981859167560494,0.981242969587274,0.984771948069041,0.97690076617691,0.986082051072212,0.979299228217062,0.97908137601491,0.97656781131666,0.98901547260862,0.97706346238741,0.985968288211535,0.979991564299451,0.978507799437214,0.978397177246664,0.980337821006583,0.972425667907183,0.983120454506006,0.983433506958876,0.981175519770238,0.981003414307166,0,0.979611885284841,0.974578296806108,0.9811766291119
"ZBTB25",0.993196614855601,0.986508691827113,0.997351943737429,0.992597466860013,0.995592754713221,0.996621997118189,0.99567220669734,0.997647069923281,0.993302042806677,0.998222072102005,0.99447350872152,0.99669118821071,0.993377739169448,0.930926827482101,0.979026691068782,0.973975714894443,0.99334662382078,0.991105268302709,0.993186404125956,0.993910150744175,0.99759008851723,0.995671353982987,0.981710955116456,0.981634653433308,0.993701809969857,0.993208926739615,0.991256793593592,0.995583499683109,0.988869419697871,0.986083156507646,0.990564269479215,0.996093308782781,0.994017579973988,0.996066178381259,0.992136774062945,0.993136715889058,0.996462975662209,0.972936370680637,0.997280690868171,0.987975579886176,0.978704795623532,0.992525134212541,0.988291970835294,0.996481042338448,0.979535696643635,0.988655893453617,0.995054694280031,0.991882134121659,0.996657424618878,0.99716456714046,0.991093526535675,0.99624677966738,0.99034769952168,0.996789656182767,0.995166332337484,0.990520958756437,0.991795598512495,0.997527683995782,0.99772840722372,0.994409359759941,0.982555279261525,0.99638155491374,0.986348095055302,0.995664086184423,0.982608131220187,0.985614049842462,0.995148574253318,0.995480101839243,0.986182253888973,0.99551446580791,0.994597775209288,0.997979186662061,0.998047940173857,0.994203478644008,0.990074168340702,0.996782579766373,0.995823970244063,0.994803143421906,0.995445262999098,0.988564033293708,0.995723363334378,0.990197500157231,0.995893020624175,0.993816882706898,0.990999810339697,0.979078996002959,0.995577727077303,0.993160149500478,0.991094555396117,0.997256241141031,0.993945095506235,0.963814205877619,0.996231763714022,0.997576747858175,0.998960375853812,0.995145223602591,0.979611885284841,0,0.993643256928727,0.997506945744454
"ZC3HAV1",0.988807978490703,0.977220949487512,0.995252049386399,0.981338174233539,0.997417887877629,0.997642179292915,0.995618522446071,0.990954954655124,0.993283407298382,0.992495883367854,0.987533633540454,0.991275083939563,0.987042168088163,0.925880293625848,0.976107697361042,0.972002432688977,0.994572795886043,0.986344953443756,0.985039502813508,0.984441870919128,0.990303667733117,0.992303681329752,0.979798510354354,0.982481116571345,0.997372601473604,0.992125879414055,0.982143919211622,0.992019344669279,0.992069346184268,0.983486568128791,0.992496947634996,0.993318431306975,0.989845180533249,0.995488882353701,0.989213752297488,0.985990361523831,0.993945001216173,0.96967764502296,0.995434351308698,0.980826857101188,0.970009644955882,0.990145093815226,0.981058548589053,0.99009123545186,0.964364456689789,0.985202367338709,0.996005109518177,0.986478725223052,0.996813046155073,0.995273187730876,0.991430006398148,0.994850227931414,0.989962758841542,0.995314956679672,0.997475989882608,0.994969216093025,0.996376519307891,0.996250563201475,0.996148959426128,0.99637037726503,0.985516263212559,0.995385367692504,0.982228316928981,0.996199199487467,0.978765277087051,0.989875640997279,0.994032425455298,0.991323256877126,0.973615939796826,0.988212398172954,0.983049463184262,0.993647284067986,0.99230974838651,0.991791241627295,0.982433770563506,0.99157352544648,0.997024116154382,0.989478496528013,0.987422341822868,0.983892344401648,0.988909340960131,0.99219280022732,0.994062384632981,0.997078544945892,0.989862885063939,0.969621112627757,0.994075906213673,0.989559291524485,0.989044922673483,0.997234853135563,0.994881298409527,0.94759581489112,0.995465399404584,0.996733234928475,0.994582481535574,0.988876520112976,0.974578296806108,0.993643256928727,0,0.996788743051579
"ZNF318",0.993615774362199,0.984755499115921,0.997823593927784,0.989402117500179,0.998003941654763,0.998589480968925,0.997539189238594,0.995487917501742,0.995164915246854,0.996712584777277,0.993040299680762,0.995923655404532,0.992362165742531,0.932669926583026,0.980593059756736,0.975935337723361,0.995795568618323,0.991556096374854,0.990175161113944,0.990970643843115,0.994905878114344,0.995278574813844,0.983084944060368,0.984624216305904,0.99657805436381,0.994328735104152,0.98879644276689,0.995989838959639,0.992360935814282,0.987512658815469,0.993555796038794,0.996759277432064,0.994496808829205,0.99776509194545,0.993227243112983,0.991652028992346,0.996984449004072,0.975139129500263,0.997639880051772,0.986385158995587,0.978568268121295,0.994097161293292,0.98795649019545,0.995067589784019,0.97511101530958,0.988621804920638,0.997566858779152,0.992356149388366,0.998275709548744,0.997944739455141,0.992903357201336,0.997503130187477,0.99252533730824,0.997715577728514,0.997574308431861,0.994064077919121,0.995668866869554,0.998484461640709,0.998496420106978,0.997229967340198,0.986244328202802,0.998088388463736,0.987707252345015,0.997579068767949,0.983510550570502,0.990601342669332,0.996556073084732,0.995791438890771,0.981930983393569,0.993544256676082,0.990178978544601,0.997378534272077,0.9961321285794,0.995302733688365,0.988957275610081,0.995694244845551,0.998003562265668,0.994114540415688,0.99352185097897,0.98728750767282,0.994794324422274,0.993242690682741,0.996516738088841,0.997004811949605,0.992760976710749,0.97738310266246,0.99701509680521,0.993443801848556,0.992046458501399,0.998662598423541,0.99614556569817,0.959963843033974,0.997635287775323,0.998864555757722,0.998111571279333,0.994085143360083,0.9811766291119,0.997506945744454,0.996788743051579,0
